/*
 Navicat Premium Dump SQL

 Source Server         : mysql
 Source Server Type    : MySQL
 Source Server Version : 80039 (8.0.39)
 Source Host           : localhost:3306
 Source Schema         : cdu_snzh_miniapp

 Target Server Type    : MySQL
 Target Server Version : 80039 (8.0.39)
 File Encoding         : 65001

 Date: 11/10/2025 17:34:03
*/

SET NAMES utf8mb4;
SET FOREIGN_KEY_CHECKS = 0;

-- ----------------------------
-- Table structure for admin_user
-- ----------------------------
DROP TABLE IF EXISTS `admin_user`;
CREATE TABLE `admin_user`  (
  `id` bigint NOT NULL AUTO_INCREMENT COMMENT '管理员ID',
  `username` varchar(50) CHARACTER SET utf8mb4 COLLATE utf8mb4_general_ci NOT NULL COMMENT '登录账号',
  `password` varchar(100) CHARACTER SET utf8mb4 COLLATE utf8mb4_general_ci NOT NULL COMMENT '登录密码（BCrypt加密）',
  `real_name` varchar(50) CHARACTER SET utf8mb4 COLLATE utf8mb4_general_ci NULL DEFAULT NULL COMMENT '真实姓名',
  `phone` varchar(20) CHARACTER SET utf8mb4 COLLATE utf8mb4_general_ci NULL DEFAULT NULL COMMENT '手机号',
  `email` varchar(100) CHARACTER SET utf8mb4 COLLATE utf8mb4_general_ci NULL DEFAULT NULL COMMENT '邮箱',
  `avatar` varchar(255) CHARACTER SET utf8mb4 COLLATE utf8mb4_general_ci NULL DEFAULT NULL COMMENT '头像URL',
  `role_type` tinyint NULL DEFAULT 1 COMMENT '角色类型：0-超级管理员，1-普通管理员（预留扩展）',
  `status` tinyint NULL DEFAULT 1 COMMENT '状态：0-禁用，1-启用',
  `last_login_time` datetime NULL DEFAULT NULL COMMENT '最后登录时间',
  `last_login_ip` varchar(50) CHARACTER SET utf8mb4 COLLATE utf8mb4_general_ci NULL DEFAULT NULL COMMENT '最后登录IP',
  `create_time` datetime NOT NULL DEFAULT CURRENT_TIMESTAMP COMMENT '创建时间',
  `update_time` datetime NOT NULL DEFAULT CURRENT_TIMESTAMP ON UPDATE CURRENT_TIMESTAMP COMMENT '更新时间',
  PRIMARY KEY (`id`) USING BTREE,
  UNIQUE INDEX `uk_username`(`username` ASC) USING BTREE,
  INDEX `idx_status`(`status` ASC) USING BTREE
) ENGINE = InnoDB AUTO_INCREMENT = 2 CHARACTER SET = utf8mb4 COLLATE = utf8mb4_general_ci COMMENT = '管理员用户表' ROW_FORMAT = Dynamic;

-- ----------------------------
-- Records of admin_user
-- ----------------------------
INSERT INTO `admin_user` VALUES (1, 'admin', '$2a$10$lDrCIBYsZUokjwlaKGIahO0.1DJcdvaN9M/LWU8zkCi//2kCxwZTq', '超级管理员', '19180475710', 'haibaraiii@foxmail.com', NULL, 0, 1, '2025-10-11 17:24:40', '127.0.0.1', '2025-10-11 16:23:01', '2025-10-11 17:16:47');

-- ----------------------------
-- Table structure for ai_chat_message
-- ----------------------------
DROP TABLE IF EXISTS `ai_chat_message`;
CREATE TABLE `ai_chat_message`  (
  `id` bigint NOT NULL AUTO_INCREMENT COMMENT '消息ID',
  `session_id` varchar(64) CHARACTER SET utf8mb4 COLLATE utf8mb4_unicode_ci NOT NULL COMMENT '会话ID',
  `role` varchar(20) CHARACTER SET utf8mb4 COLLATE utf8mb4_unicode_ci NOT NULL COMMENT '角色：USER=用户, AI=助手, SYSTEM=系统',
  `content` text CHARACTER SET utf8mb4 COLLATE utf8mb4_unicode_ci NOT NULL COMMENT '消息内容',
  `metadata` json NULL COMMENT '元数据（工具调用记录等）',
  `status` tinyint(1) NOT NULL DEFAULT 1 COMMENT '状态：0=已删除, 1=正常',
  `create_time` datetime NOT NULL DEFAULT CURRENT_TIMESTAMP COMMENT '创建时间',
  `update_time` datetime NOT NULL DEFAULT CURRENT_TIMESTAMP ON UPDATE CURRENT_TIMESTAMP COMMENT '更新时间',
  PRIMARY KEY (`id`) USING BTREE,
  INDEX `idx_session_id`(`session_id` ASC) USING BTREE,
  INDEX `idx_role`(`role` ASC) USING BTREE,
  INDEX `idx_status`(`status` ASC) USING BTREE,
  INDEX `idx_create_time`(`create_time` ASC) USING BTREE
) ENGINE = InnoDB AUTO_INCREMENT = 31 CHARACTER SET = utf8mb4 COLLATE = utf8mb4_unicode_ci COMMENT = 'AI客服消息记录表' ROW_FORMAT = Dynamic;

-- ----------------------------
-- Records of ai_chat_message
-- ----------------------------
INSERT INTO `ai_chat_message` VALUES (1, 'a8048c47416c4db7807c7fe0a0c62bfb', 'USER', '你好', NULL, 1, '2025-10-08 13:34:00', '2025-10-08 13:34:00');
INSERT INTO `ai_chat_message` VALUES (2, 'a8048c47416c4db7807c7fe0a0c62bfb', 'AI', '你好呀～我是蜀南竹海的小智，很高兴为你服务！🎋  \n有什么可以帮你的吗？比如门票、路线、天气，还是想了解景点呀？😊', NULL, 1, '2025-10-08 13:34:00', '2025-10-08 13:34:00');
INSERT INTO `ai_chat_message` VALUES (3, 'a8048c47416c4db7807c7fe0a0c62bfb', 'USER', '我计划后天来旅游想了解了解当天天气', NULL, 1, '2025-10-08 13:44:20', '2025-10-08 13:44:19');
INSERT INTO `ai_chat_message` VALUES (4, 'a8048c47416c4db7807c7fe0a0c62bfb', 'AI', '您好！后天长宁县天气预计为：  \n⛅ 阴，28℃，微风（≤3级），湿度73%  \n\n天气舒适，适合出游哦～建议穿轻薄透气的衣物，带上防晒用品和雨具，以防小雨或日晒。祝您玩得愉快！🎋', NULL, 1, '2025-10-08 13:44:20', '2025-10-08 13:44:19');
INSERT INTO `ai_chat_message` VALUES (5, '21a416154d544212b59c8d942f66bb2d', 'USER', '你好我是小哀', NULL, 1, '2025-10-08 13:45:40', '2025-10-08 13:45:39');
INSERT INTO `ai_chat_message` VALUES (6, '21a416154d544212b59c8d942f66bb2d', 'AI', '你好呀，小哀！👋 我是蜀南竹海景区的AI客服竹小智～很高兴认识你！有什么我可以帮你的吗？比如想了解景点、门票或者游玩路线呀？🎋😊', NULL, 1, '2025-10-08 13:45:40', '2025-10-08 13:45:39');
INSERT INTO `ai_chat_message` VALUES (7, '5abf33755161418fae7a9315e7e8c63d', 'USER', '你知道我是谁吗？', NULL, 1, '2025-10-08 13:45:54', '2025-10-08 13:45:53');
INSERT INTO `ai_chat_message` VALUES (8, '5abf33755161418fae7a9315e7e8c63d', 'AI', '抱歉，我无法识别您的身份信息。我是蜀南竹海景区的AI客服竹小智，可以为您查询景区相关信息、协助规划行程或解答疑问哦~ 🎋', NULL, 1, '2025-10-08 13:45:54', '2025-10-08 13:45:53');
INSERT INTO `ai_chat_message` VALUES (9, '1f5dc975d9074b179f2957ff277d33dc', 'USER', '你好我叫小哀', NULL, 1, '2025-10-08 13:46:52', '2025-10-08 13:46:51');
INSERT INTO `ai_chat_message` VALUES (10, '1f5dc975d9074b179f2957ff277d33dc', 'AI', '你好呀，小哀！👋 我是蜀南竹海景区的AI客服竹小智～很高兴认识你！有什么我可以帮你的吗？比如想了解景点、门票或者游玩路线呀？🎋😊', NULL, 1, '2025-10-08 13:46:52', '2025-10-08 13:46:51');
INSERT INTO `ai_chat_message` VALUES (11, '1f5dc975d9074b179f2957ff277d33dc', 'USER', '你知道我是谁吗？', NULL, 1, '2025-10-08 13:47:13', '2025-10-08 13:47:13');
INSERT INTO `ai_chat_message` VALUES (12, '1f5dc975d9074b179f2957ff277d33dc', 'AI', '我知道你叫小哀呀！👋 这是我们刚刚认识时你告诉我的～我是蜀南竹海的小助手竹小智，可以帮你查询景区信息、推荐路线、解答疑问哦！需要什么帮助尽管告诉我吧！😊', NULL, 1, '2025-10-08 13:47:13', '2025-10-08 13:47:13');
INSERT INTO `ai_chat_message` VALUES (13, '1f5dc975d9074b179f2957ff277d33dc', 'USER', '我计划后天来这里玩，你能告诉我当天天气如何吗？有什么景点推荐？以及景区门票价格如何？', NULL, 1, '2025-10-08 13:49:26', '2025-10-08 13:49:26');
INSERT INTO `ai_chat_message` VALUES (14, '1f5dc975d9074b179f2957ff277d33dc', 'AI', '抱歉，我暂时没有相关信息，建议您咨询景区人工客服，来了解相关事宜。', NULL, 1, '2025-10-08 13:49:26', '2025-10-08 13:49:26');
INSERT INTO `ai_chat_message` VALUES (15, '1f5dc975d9074b179f2957ff277d33dc', 'USER', '我计划后天来这里玩，你能告诉我当天天气如何吗？有什么景点推荐？以及景区门票价格如何？', NULL, 1, '2025-10-08 13:52:40', '2025-10-08 13:52:39');
INSERT INTO `ai_chat_message` VALUES (16, '1f5dc975d9074b179f2957ff277d33dc', 'AI', '小哀你好呀～后天来玩的话，先给你报个天气：🌤️ 阴，28℃，微风，很适合出游哟！\n\n🎫 门票信息：\n- 成人票：¥110\n- 学生票：¥60（需持学生证）\n- 儿童票：¥50（1.2m-1.5m）\n\n🌟 推荐景点路线（一日游）：\n忘忧谷 → 七彩飞瀑 → 翡翠长廊 → 天宝寨 → 仙寓洞\n\n需要我帮你规划更详细的行程或购票吗？😊', NULL, 1, '2025-10-08 13:52:40', '2025-10-08 13:52:39');
INSERT INTO `ai_chat_message` VALUES (17, '1f5dc975d9074b179f2957ff277d33dc', 'USER', '需要', NULL, 1, '2025-10-08 13:54:26', '2025-10-08 13:54:26');
INSERT INTO `ai_chat_message` VALUES (18, '1f5dc975d9074b179f2957ff277d33dc', 'AI', '好的小哀！我们来一步步安排吧～😊\n\n第一步：请问您后天（具体日期）几点入园呢？  \n第二步：您需要购买哪种门票呢？\n- 成人票 ¥110\n- 学生票 ¥60（需学生证）\n- 儿童票 ¥50\n\n第三步：请告诉我您的手机号，方便购票和接收信息哦～\n\n等你回复，我马上为您创建订单！🎟️🎋', NULL, 1, '2025-10-08 13:54:26', '2025-10-08 13:54:26');
INSERT INTO `ai_chat_message` VALUES (19, '1f5dc975d9074b179f2957ff277d33dc', 'USER', '我想买两张成人票，手机号是19180475710', NULL, 1, '2025-10-08 13:55:48', '2025-10-08 13:55:48');
INSERT INTO `ai_chat_message` VALUES (20, '1f5dc975d9074b179f2957ff277d33dc', 'AI', '抱歉小哀，系统提示需要先登录哦～  \n请先在小程序登录账号，再回来告诉我一声，我马上帮你完成购票！🎟️  \n登录后只需说“准备好了”，我就会继续为您服务哒～😊', NULL, 1, '2025-10-08 13:55:48', '2025-10-08 13:55:48');
INSERT INTO `ai_chat_message` VALUES (21, '1f5dc975d9074b179f2957ff277d33dc', 'USER', '那你现在能先给我提供更详细的规划吗？', NULL, 1, '2025-10-08 14:04:51', '2025-10-08 14:04:51');
INSERT INTO `ai_chat_message` VALUES (22, '1f5dc975d9074b179f2957ff277d33dc', 'AI', '当然可以啦，小哀～为你精心准备一份【后天游玩指南】👇\n\n📍推荐路线（顺路不回头）：\n1. 08:30 入园 → 忘忧谷（清凉竹林步道，拍照超美）\n2. 10:00 七彩飞瀑（阳光下水雾如虹，记得带伞🌂）\n3. 11:30 翡翠长廊（竹海精华段，电影取景地！）\n4. 13:00 天宝寨（悬崖古寨，俯瞰竹海全景）\n5. 15:00 仙寓洞（探秘天然岩洞，感受历史气息）\n6. 17:00 返程前可打卡景区文创店，买点小纪念品🎁\n\n🍽️ 午餐建议：景区内“竹香居”餐厅，推荐竹筒饭和腊肉！\n\n需要我帮你查实时天气或交通指引吗？😊', NULL, 1, '2025-10-08 14:04:51', '2025-10-08 14:04:51');
INSERT INTO `ai_chat_message` VALUES (23, 'd4199aed17504e5d96ea338fbff2636a', 'USER', '你好', NULL, 1, '2025-10-08 14:16:07', '2025-10-08 14:16:07');
INSERT INTO `ai_chat_message` VALUES (24, 'd4199aed17504e5d96ea338fbff2636a', 'AI', '你好呀～我是蜀南竹海的小客服竹小智🎋  \n有什么可以帮你的吗？是想了解门票、路线，还是其他游玩信息呢？😊', NULL, 1, '2025-10-08 14:16:07', '2025-10-08 14:16:07');
INSERT INTO `ai_chat_message` VALUES (25, 'd4199aed17504e5d96ea338fbff2636a', 'USER', '明天景区天气如何？', NULL, 1, '2025-10-08 14:17:06', '2025-10-08 14:17:05');
INSERT INTO `ai_chat_message` VALUES (26, 'd4199aed17504e5d96ea338fbff2636a', 'AI', '明天蜀南竹海天气阴，气温约28℃，微风舒适～🍃  \n适合出游哦！建议带上薄外套和雨具，以防小雨或早晚微凉。  \n祝您玩得开心，记得穿舒适的鞋子，畅游翠竹之间！🎋😊', NULL, 1, '2025-10-08 14:17:06', '2025-10-08 14:17:05');
INSERT INTO `ai_chat_message` VALUES (27, '1e9594c2d83247a09173c7d30d9b74e3', 'USER', '你觉得陈仕涵这个名字怎么样', NULL, 1, '2025-10-10 11:33:18', '2025-10-10 11:33:17');
INSERT INTO `ai_chat_message` VALUES (28, '1e9594c2d83247a09173c7d30d9b74e3', 'AI', '抱歉，我暂时没有相关信息，建议您咨询景区人工客服，来了解相关事宜。', NULL, 1, '2025-10-10 11:33:18', '2025-10-10 11:33:17');
INSERT INTO `ai_chat_message` VALUES (29, '1e9594c2d83247a09173c7d30d9b74e3', 'USER', '我明天想去玩，你能告诉我天气如何吗？顺便告诉我游玩路线', NULL, 1, '2025-10-10 11:34:05', '2025-10-10 11:34:05');
INSERT INTO `ai_chat_message` VALUES (30, '1e9594c2d83247a09173c7d30d9b74e3', 'AI', '您好呀~竹小智来啦！🌿\n\n明天（10月11日）天气预报：  \n🌤 白天多云，28℃｜🌙 夜间多云，20℃  \n微风宜人，非常适合游玩哦！\n\n为您推荐一日游经典路线：\n✅ 上午：忘忧谷 → 天宝寨（登高看全景）\n✅ 中午：品尝地道竹笋宴\n✅ 下午：七彩飞瀑 → 翡翠长廊（精华路段）\n\n记得穿舒适鞋子，带好防晒和水哦！需要帮您购票吗？😊', NULL, 1, '2025-10-10 11:34:05', '2025-10-10 11:34:05');

-- ----------------------------
-- Table structure for ai_chat_session
-- ----------------------------
DROP TABLE IF EXISTS `ai_chat_session`;
CREATE TABLE `ai_chat_session`  (
  `id` bigint NOT NULL AUTO_INCREMENT COMMENT '会话ID',
  `session_id` varchar(64) CHARACTER SET utf8mb4 COLLATE utf8mb4_unicode_ci NOT NULL COMMENT '会话唯一标识',
  `user_id` bigint NOT NULL COMMENT '用户ID',
  `title` varchar(255) CHARACTER SET utf8mb4 COLLATE utf8mb4_unicode_ci NULL DEFAULT NULL COMMENT '会话标题（首条消息摘要）',
  `status` tinyint(1) NOT NULL DEFAULT 1 COMMENT '状态：0=已结束, 1=进行中',
  `create_time` datetime NOT NULL DEFAULT CURRENT_TIMESTAMP COMMENT '创建时间',
  `update_time` datetime NOT NULL DEFAULT CURRENT_TIMESTAMP ON UPDATE CURRENT_TIMESTAMP COMMENT '更新时间',
  PRIMARY KEY (`id`) USING BTREE,
  UNIQUE INDEX `uk_session_id`(`session_id` ASC) USING BTREE,
  INDEX `idx_user_id`(`user_id` ASC) USING BTREE,
  INDEX `idx_status`(`status` ASC) USING BTREE,
  INDEX `idx_create_time`(`create_time` ASC) USING BTREE
) ENGINE = InnoDB AUTO_INCREMENT = 7 CHARACTER SET = utf8mb4 COLLATE = utf8mb4_unicode_ci COMMENT = 'AI客服会话表' ROW_FORMAT = Dynamic;

-- ----------------------------
-- Records of ai_chat_session
-- ----------------------------
INSERT INTO `ai_chat_session` VALUES (1, 'a8048c47416c4db7807c7fe0a0c62bfb', 999999, '你好', 1, '2025-10-08 13:33:56', '2025-10-08 13:44:22');
INSERT INTO `ai_chat_session` VALUES (2, '21a416154d544212b59c8d942f66bb2d', 999999, '你好我是小哀', 1, '2025-10-08 13:45:35', '2025-10-08 13:45:42');
INSERT INTO `ai_chat_session` VALUES (3, '5abf33755161418fae7a9315e7e8c63d', 999999, '你知道我是谁吗？', 1, '2025-10-08 13:45:52', '2025-10-08 13:45:56');
INSERT INTO `ai_chat_session` VALUES (4, '1f5dc975d9074b179f2957ff277d33dc', 999999, '你好我叫小哀', 1, '2025-10-08 13:46:49', '2025-10-08 14:04:53');
INSERT INTO `ai_chat_session` VALUES (5, 'd4199aed17504e5d96ea338fbff2636a', 999999, '你好', 1, '2025-10-08 14:16:01', '2025-10-08 14:17:08');
INSERT INTO `ai_chat_session` VALUES (6, '1e9594c2d83247a09173c7d30d9b74e3', 999999, '你觉得陈仕涵这个名字怎么样', 1, '2025-10-10 11:33:16', '2025-10-10 11:34:05');

-- ----------------------------
-- Table structure for ai_knowledge_doc
-- ----------------------------
DROP TABLE IF EXISTS `ai_knowledge_doc`;
CREATE TABLE `ai_knowledge_doc`  (
  `id` bigint NOT NULL AUTO_INCREMENT COMMENT '文档ID',
  `doc_name` varchar(255) CHARACTER SET utf8mb4 COLLATE utf8mb4_unicode_ci NOT NULL COMMENT '文档名称',
  `doc_type` varchar(50) CHARACTER SET utf8mb4 COLLATE utf8mb4_unicode_ci NOT NULL COMMENT '文档类型：SCENIC=景点介绍, POLICY=政策规则, FAQ=常见问题',
  `content` text CHARACTER SET utf8mb4 COLLATE utf8mb4_unicode_ci NOT NULL COMMENT '文档内容（Markdown格式）',
  `status` tinyint(1) NOT NULL DEFAULT 1 COMMENT '状态：0=禁用, 1=启用',
  `create_time` datetime NOT NULL DEFAULT CURRENT_TIMESTAMP COMMENT '创建时间',
  `update_time` datetime NOT NULL DEFAULT CURRENT_TIMESTAMP ON UPDATE CURRENT_TIMESTAMP COMMENT '更新时间',
  PRIMARY KEY (`id`) USING BTREE,
  INDEX `idx_doc_type`(`doc_type` ASC) USING BTREE,
  INDEX `idx_status`(`status` ASC) USING BTREE
) ENGINE = InnoDB AUTO_INCREMENT = 5 CHARACTER SET = utf8mb4 COLLATE = utf8mb4_unicode_ci COMMENT = 'AI知识库文档表' ROW_FORMAT = Dynamic;

-- ----------------------------
-- Records of ai_knowledge_doc
-- ----------------------------
INSERT INTO `ai_knowledge_doc` VALUES (1, '蜀南竹海景点介绍', 'SCENIC', '# 蜀南竹海景点介绍\r\n\r\n## 景区概况\r\n蜀南竹海位于四川省宜宾市长宁县、江安县一带，是国家AAAA级旅游景区，中国旅游目的地四十佳。蜀南竹海位于四川南部的宜宾市境内，幅员面积120平方公里，核心景区45平方公里，共有八大主景区，两大序景区134处景点。由27条峻岭，500多座峰峦组成，景区内共有竹子400余种，7万余亩，楠竹枝叠根连，葱绿俊秀，浩瀚壮观。蜀南竹海是世界上集中面积最大的天然竹林景区，独特的地理位置，造就了“云山竹海，天上人间”。是世界罕见、中国唯一的集竹景、山水、湖泊、瀑布、古庙于一体，同时兼有历史悠久的人文景观的竹文化、竹生态休闲度假旅游目的地。蜀南竹海的植被覆盖率达92.4%，景区内绿色怡人、空气清新，是一座天然的绿色大氧吧。更是川南地区著名的影视基地,《卧虎藏龙》、《大人物》、《大酒商》、《风云2》、《爱到春潮滚滚来》、《勇士》、浙江卫视《24小时》真人秀栏目等诸多影视作品和综艺节目都将蜀南竹海作为了外景拍摄地点。蜀南竹海，四季皆宜：春日，新笋遍地，生意盎然；盛夏，嫩竹泻翠，林荫蔽日，瀑飞泉涌，气候爽人；金秋，翠竹摇风，绿竹林中，红叶点点；隆冬，林寒涧肃，青枝白雪，相映成趣。\r\n\r\n## 核心景点\r\n\r\n### 忘忧谷\r\n忘忧谷位于蜀南竹海西南部，是丹霞地貌中典型的“Ⅴ”字型峡谷，以其幽静而著称，是蜀南竹海的标志性景点之一，谷内主要有“古佛洞”、“五叠屏”、“天生桥”、“石破天惊”、“九天涤尘”、“石上流”等景观。相传古代曾有贤者在此隐居，自云“乐以忘忧”，因得此名。谷内宁静幽深，竹林茂密，竹影丛丛，景中有景；小石径溯溪而上，斗折蛇行，阳光透过竹叶的间隙,在地上筛下点点金光，清润的山泉，一路跌宕，留下众多瀑布。谷中楠竹粗大而且密集，溪水哗哗，瀑布叠叠。林里荫黑如山雨欲来，而此时林外往往又红日当午。溪中的石头都长着青苔、汀兰、菖蒲，林风拂来，伏天也如凉秋。\r\n\r\n**特色**：竹林密布、空气清新、养生圣地\r\n**建议游玩时长**：2-3小时\r\n**最佳时节**：四季皆宜，春夏尤佳\r\n\r\n### 天宝寨\r\n天宝寨位于蜀南竹海东南部，紧邻仙寓洞。内有“隐秀壑”、“撑腰岩”、“半边楼遗址”、“黄伞石”、“锦绣田园”等景观。天宝寨原是一个天然岩腔，长约1500米，高20米左右，宽10米左右。上为悬空绝壁，下是千仞削壁，陡不可攀。这里景色壮丽，晴天，红色砂岩在阳光的照射下金碧辉煌。雨雾天气，云飘雾拂，景色奇丽。洞的四周翠竹围合，犹如天然屏障遮挡视线，人行其中，虽险不惊。古寨依天然石洞筑构，底部、顶部、里壁均系天然磐石赤长廊形半边洞，下临万仞陡岩,寨依洞成\r\n\r\n**特色**：登高望远、古建筑、竹海全景\r\n**建议游玩时长**：1.5-2小时\r\n**注意事项**：需爬山，建议穿舒适鞋子\r\n\r\n### 七彩飞瀑\r\n七彩飞瀑又名落魂台，是蜀南竹海最壮观的瀑布群，处在石鼓山和石锣山之间的葫芦谷中。从蜀南竹海深处流出的水潦河，在回龙桥处跌向深谷，形成罕见的瀑布群。瀑布总高约200米，共有四级。其中最壮观的是高40米，宽4米的第三级。有人曾以“飞瀑凌空万古息”绘其形，“回声震吼惊天潮”状其声。飞流直下，水雾升腾。晴日的中午时分，阳光透过水雾，折映出七色光环，形成斑斓缤纷的彩虹，十分瑰丽、雄奇、壮观，七彩飞瀑由此得名。\r\n\r\n**特色**：瀑布景观、彩虹、拍照圣地\r\n**建议游玩时长**：1小时\r\n**最佳拍照时间**：上午10:00-11:00，下午14:00-15:00\r\n\r\n### 翡翠长廊\r\n翡翠长廊位于竹海竹林深处，是蜀南竹海标志性景观之一， 路面是由“色如渥丹、灿若明霞”的天然红色砂石铺成，长480米，宽6.5米，两旁密集的老竹新篁拱列，遮天蔽日。红色宛如地毯的道路与绿色屏风般的楠竹交相辉映，形成秀丽壮美的翠长廊，加之道路时起时伏，顶上两旁修竹争向内倾，几乎拱合，丹霞与翡翠交相辉映，从而成为蜀南竹海最具特色的标志性景观和拍照留影点。\r\n\r\n**特色**：竹林小道、光影效果、宁静悠远\r\n**建议游玩时长**：1.5-2小时\r\n**推荐活动**：徒步、摄影\r\n\r\n### 天皇寺\r\n天皇寺是一座古刹，伫立在竹海深处的山峰之巅。登至寺顶，四下竹浪连绵、层峦起伏，云雾在竹海中浮沉，风过竹梢，涛声阵阵。置身其间，仿佛在万壑之间俯瞰苍翠竹海，无边无际，听风声细语，看竹影婆娑，令人心神涤荡。\r\n\r\n**特色**：古寺禅意、竹林环绕、心灵洗涤\r\n**建议游玩时长**：1小时\r\n**最佳体验**：清晨或傍晚，竹林雾气缭绕时\r\n\r\n### 龙吟寺\r\n龙吟寺是一座佛寺，也叫龙尾寺，坐落在海拔980米的九龙山上，为蜀南竹海第二高峰。登临绝顶，有“一览众山小”之感。这里翠浪起伏，浩渺连天，天风吹荡，竹涛声声，恍若龙吟，展现出一望无际的竹海奇观。\r\n\r\n**特色**：观景平台、竹海云雾、传说色彩\r\n**建议游玩时长**：40分钟\r\n**最佳观景时间**：清晨或雨后\r\n\r\n### 仙寓洞\r\n仙寓洞位于蜀南竹海南部，因自然景观和人文景观极佳被誉为“竹海明珠”。仙寓洞原是一个天然岩腔，长300余米，宽和高2米至15米。洞上是莽莽的楠竹林，洞下是蜀南竹海大峡谷。隔蜀南竹海大峡谷的是挂膀岩洞穴群。谷中，时或烟波浩渺，时或云飞雾聚，仙寓洞也就时隐时现于烟霭云雾之中。从洞中往外观，周围青绿翠蔓，碧浪无垠。若是天气晴朗，云消雾散，可鸟瞰十里田园景色。 仙寓洞又是一个依山靠岩建造的石窟寺庙。这里最早是一个道观，后来佛教兴盛。宋朝以后，相继修建了观音殿，大雄宝殿、小雄宝殿等佛教活动场所。清代又有道人黄化等在此开展道教活动，兴建了玉皇殿、老君殿等活动场所。仙寓洞，实际上是一个佛教和道教共同存在的宗教活动场所。\r\n\r\n**特色**：溶洞探秘、奇石景观、传说故事\r\n**建议游玩时长**：1小时\r\n**注意事项**：洞内湿滑，请注意安全\r\n\r\n### 仙女湖\r\n仙女湖是蜀南竹海的著名景点，位于仙寓洞景区山顶上，是蜀南竹海海拔最高的湖泊，与天宝寨、仙寓洞形成仙寓洞景区旅游环线。仙女湖面积三十多亩，湖水清澈碧绿。晨曦初升，夕阳西下，万道霞光之中，仙女湖犹如一个金色的湖盆，壮丽辉煌。晨雾烟雨之时，绿的山、翠的竹，又构成了一幅幅美丽的水彩画卷。\r\n\r\n**特色**：湖心岛、竹影摇曳、浪漫氛围\r\n**建议游玩时长**：1小时\r\n**最佳时节**：春夏季，湖水最为清澈\r\n\r\n### 青龙湖\r\n青龙湖位于蜀南竹海东北部，为竹海最大的湖泊，面积1.51平方公里，位于高耸险峻的插旗山下，因湖水碧绿，湖身呈龙状，鳞爪分明，故名“青龙湖”。湖内鱼类众多，湖中有圆形小岛与青山交相辉映，如青龙献珠。湖面翠竹掩映，湖心的两座浑圆小岛，长满碧森森翠竹，湖光山色,一片碧绿\r\n\r\n**特色**：湖光山色、竹影倒映、游船体验\r\n**建议游玩时长**：1.5小时\r\n**推荐活动**：划船、摄影、湖边散步\r\n\r\n### 海中海\r\n海中海是竹海山上一个海拔较低的槽谷，后筑坝形成湖泊，湖面面积约60亩，湖面空旷开阔，俨然茫茫竹海中的一片“海子”，故名海中海。这里四周青山环绕，翠竹成林，倒映在平静的湖面上，宛如一幅天然山水画卷。海中海还是获得奥斯卡最佳外语片等奖项的经典武侠电影《卧虎藏龙》的重要取景地。与青龙湖、仙女湖等天然湖泊共同构成了蜀南竹海“山中有水、水中有山、山水相依、竹在其间”的独特生态景观。\r\n\r\n**特色**：电影取景地、山水相依、竹海映湖  \r\n**建议游玩时长**：1小时  \r\n**推荐活动**：摄影、竹林漫步、静观湖景\r\n\r\n### 花溪十三桥\r\n花溪十三桥位于蜀南竹海北部，是一条以山居风光为特色的步行游览线。花溪原名潦水河，两岸翠竹成荫，农舍错落有致，溪流婉转流淌，清澈见底。沿途野花点缀、绿竹繁茂，空气中弥漫着清新的竹香与花香。溪岸人家以小桥相连，约1公里的溪流上建有竹桥、木桥、石桥共13座，其中8座为明清古桥。行走于溪桥之间，恍若步入诗人辛弃疾笔下“路转溪桥忽见”的意境。\r\n\r\n**特色**：古桥群、溪流竹影、田园人家  \r\n**建议游玩时长**：1.5小时  \r\n**最佳体验**：清晨或傍晚，溪雾缭绕时 \r\n\r\n### 竹尖漫步\r\n竹尖漫步是蜀南竹海最具特色的林间栈道，全长约1.7公里，全程蜿蜒于高密竹林之间，如游龙翻腾、云雾缭绕。漫步其间，脚下竹叶轻响，耳边涛声阵阵，游客可近距离欣赏楠竹的挺拔秀美，体验“竹尖漫步”的独特意境。远眺可见连绵竹海波涛起伏，近观则是一片苍翠与宁静交织的世界。\r\n\r\n**特色**：竹林栈道、沉浸式体验、观竹远眺  \r\n**建议游玩时长**：1小时  \r\n**推荐活动**：漫步、拍照、观竹海日出\r\n\r\n### 蜀南竹海博物馆\r\n蜀南竹海博物馆是全国最大的竹类专业博物馆，占地面积6668平方米，建筑面积3800余平方米。馆内集竹文物收藏保护、展览、学术研究和社会教育于一体，以“追溯千古民族文化，展示万载竹类精华”为宗旨。展馆由自然馆、历史馆、民俗馆（1馆、2馆）和竹韵馆四部分组成，系统展示了竹的自然形态、历史文化、民俗工艺与现代应用，是了解竹文化的绝佳去处。\r\n\r\n**特色**：竹文化主题展馆、科普教育、艺术陈列  \r\n**建议游玩时长**：1.5小时  \r\n**适合人群**：家庭游客、学生、文化爱好者  \r\n\r\n### 望龙坪\r\n望龙坪位于蜀南竹海北部边缘的群山脊背之上，竹林环绕，云雾缭绕。这里地势高耸，是俯瞰九龙山与浩瀚竹海的绝佳观景点。阳光洒落在竹林之间，光与影交织变幻，使得山峦显得格外雄伟壮丽。站在望龙坪上，满目苍翠如浪，云雾缭绕似梦，每一寸风景都如诗如画，令人心旷神怡。\r\n\r\n**特色**：登高远眺、云海竹浪、摄影胜地  \r\n**建议游玩时长**：1小时  \r\n**最佳观景时段**：清晨或日落时分 \r\n\r\n### 青云长廊\r\n青云长廊位于蜀南竹海北部群山之巅，坐落在九龙山山腰，是观赏竹海丘陵与诗画田园的上佳去处。登廊远眺，百里沃野尽收眼底；近处竹浪翻滚，远处丘海连绵。晨雾缭绕时，如漫步云端；晴空朗日下，群山如画。诗曰：“天阔云闲步长廊，清柔明朗润远山。”正是此景真实写照。\r\n\r\n**特色**：云端步道、登高远眺、山水田园全景  \r\n**建议游玩时长**：1小时  \r\n**推荐活动**：登廊观景、摄影留念  \r\n\r\n### 观海楼\r\n观海楼原名吊黄楼，因北宋文学家黄庭坚而闻名。相传他游历蜀南竹海，登高远望，面对万顷翠竹，不禁连声叹曰：“壮哉，壮哉，竹波万里！”后人遂于此建楼以纪。历经多代修缮，今之观海楼在原址上重建而成。登楼远眺，层层山峦与竹林连绵不绝，犹如绿色的海洋翻滚，气势磅礴，令人心胸开阔、豪情顿生。\r\n\r\n**特色**：登楼观竹海、历史人文、文人题迹  \r\n**建议游玩时长**：1小时  \r\n**最佳观景时间**：上午或傍晚，光影交错之际  \r\n\r\n### 拜寿台\r\n拜寿台是2008年北京奥运会开幕式中国山水画卷“百龟拜寿”的取景地，被评为“四川100个最美景观拍摄点”之一，也是蜀南竹海的标志性景观。台下丘陵连绵，形似千龟拜寿，云雾缭绕间，仿若仙境。清晨水汽蒸腾，云雾飘渺，与山峦、竹海相映成趣，呈现出“云山竹海，天上人间”的壮丽画卷。\r\n\r\n**特色**：自然奇观、云雾竹海、摄影圣地  \r\n**建议游玩时长**：1小时  \r\n**最佳观景时段**：清晨，云雾缭绕时\r\n\r\n\r\n## 开放时间\r\n- 旺季（3月-11月）：08:00-18:00\r\n- 淡季（12月-次年2月）：08:30-17:30\r\n\r\n## 交通指南\r\n- 自驾：成都出发约4小时，重庆出发约3.5小时\r\n- 公共交通：宜宾客运站有直达班车\r\n- 景区内交通：观光车、索道\r\n\r\n## 温馨提示\r\n1. 景区较大，建议购买观光车票\r\n2. 穿着舒适的运动鞋\r\n3. 携带防晒用品和饮用水\r\n4. 尊重自然，不要破坏竹林', 1, '2025-10-07 15:52:35', '2025-10-10 11:03:19');
INSERT INTO `ai_knowledge_doc` VALUES (2, '门票退款政策', 'POLICY', '# 门票退款政策\r\n\r\n## 退款规则\r\n\r\n### 全额退款\r\n- 游玩日期前**3天（含）**以上申请退款，可获得全额退款\r\n- 特殊天气（台风、暴雨等）导致景区关闭，可全额退款\r\n- 突发公共卫生事件导致景区关闭，可全额退款\r\n\r\n### 部分退款\r\n- 游玩日期前**1-2天**申请退款，收取**10%手续费**\r\n- 已购买但未使用的附加服务（观光车票等），可单独退款\r\n\r\n### 不予退款\r\n- 游玩日期当天申请退款，**不予退款**\r\n- 已使用/核销的门票，不予退款\r\n- 过期门票，不予退款\r\n\r\n## 退款流程\r\n\r\n### 第一步：提交申请\r\n在小程序【我的订单】页面找到对应订单，点击【申请退款】按钮\r\n\r\n### 第二步：选择原因\r\n选择退款原因：\r\n- 行程变更\r\n- 天气原因\r\n- 健康原因\r\n- 其他原因\r\n\r\n### 第三步：等待审核\r\n- 工作日提交：1个工作日内审核\r\n- 节假日提交：3个工作日内审核\r\n\r\n### 第四步：退款到账\r\n- 审核通过后：1-7个工作日原路退回\r\n- 退款方式：原支付渠道（微信支付）\r\n\r\n## 特殊情况处理\r\n\r\n### 不可抗力因素\r\n遇到以下情况，可特殊申请全额退款：\r\n- 自然灾害（地震、洪水、台风等）\r\n- 政府征用、管制\r\n- 突发公共卫生事件\r\n- 其他不可抗力因素\r\n\r\n**处理方式**：请联系客服，提供相关证明材料\r\n\r\n### 部分游览情况\r\n如因个人原因提前离开景区，已使用门票不予退款。\r\n\r\n## 注意事项\r\n1. 退款申请一经提交，不可撤销\r\n2. 请确保退款原因真实准确\r\n3. 套票、优惠票退款按照实际支付金额计算\r\n4. 团体票退款请联系团体负责人统一办理\r\n\r\n## 联系客服\r\n- 客服电话：400-xxx-xxxx\r\n- 在线客服：小程序【联系客服】\r\n- 服务时间：08:00-20:00\r\n', 1, '2025-10-07 15:52:35', '2025-10-07 15:52:35');
INSERT INTO `ai_knowledge_doc` VALUES (3, '游客常见问题FAQ', 'FAQ', '# 游客常见问题FAQ\r\n\r\n## 购票相关\r\n\r\n### Q1: 门票价格是多少？\r\n**A**: \r\n- 成人票：100元/人\r\n- 学生票：50元/人（需出示有效学生证）\r\n- 儿童票：50元/人（1.2米-1.5米儿童）\r\n- 老年票：50元/人（60岁以上，需出示身份证）\r\n- 本地人票：30元/人（需出示本地身份证）\r\n- 家庭套票：220元/2大1小1老\r\n- 本地家庭套餐：100元/2大1小1老\r\n- 1.2米以下儿童免票\r\n\r\n### Q2: 门票包含哪些内容？\r\n**A**: 门票包含景区大门票，不包含观光车、索道等交通工具费用。建议另行购买观光车票（30元/人），节省体力。\r\n\r\n### Q3: 门票有效期多久？\r\n**A**: 门票当日有效，一经使用不可重复入园。如需第二天继续游览，需重新购票。\r\n\r\n### Q4: 可以提前多久购票？\r\n**A**: 可提前30天购票。建议至少提前1天购买，避免现场排队。\r\n\r\n### Q5: 购票后如何使用？\r\n**A**: \r\n1. 购票成功后，订单详情中会显示电子票码\r\n2. 到达景区后，在检票口出示电子票码\r\n3. 扫码或人工核验后即可入园\r\n\r\n## 游览相关\r\n\r\n### Q6: 景区游览需要多长时间？\r\n**A**: \r\n- 精华半日游：4小时左右\r\n- 经典一日游：6-8小时\r\n- 深度两日游：建议住宿一晚，慢慢体验\r\n\r\n### Q7: 景区内有餐厅吗？\r\n**A**: 有。景区内有多家餐厅和小吃店，提供川菜和当地特色竹笋宴。人均消费50-80元。也可以自带食物，景区有休息区。\r\n\r\n### Q8: 可以带宠物入园吗？\r\n**A**: 不可以。为保护景区环境和其他游客安全，禁止携带宠物入园（导盲犬除外）。\r\n\r\n### Q9: 景区内有住宿吗？\r\n**A**: 有。景区及周边有多家酒店、民宿可供选择，价格200-800元/晚不等。建议提前预订。\r\n\r\n### Q10: 下雨天可以游览吗？\r\n**A**: 可以，但需注意安全。雨天竹海别有一番风味，空气更加清新。建议携带雨具，穿防滑鞋。暴雨天气景区可能临时关闭，请关注官方通知。\r\n\r\n## 交通相关\r\n\r\n### Q11: 如何到达景区？\r\n**A**: \r\n- **自驾**：导航\"蜀南竹海景区\"，有免费停车场\r\n- **公共交通**：宜宾客运站每天有多班直达班车\r\n- **高铁**：宜宾西站下车后，转乘班车或打车（约1小时）\r\n\r\n### Q12: 景区内交通怎么解决？\r\n**A**: \r\n- **观光车**：30元/人，串联主要景点\r\n- **索道**：单程40元，往返70元\r\n- **徒步**：景区内设有徒步道，适合喜欢徒步的游客\r\n- **驾车**：游客也可选择自驾进园游玩，但旺季可能人，车流量很高，可能会造成一定拥堵或者是停车位缺少等情况\r\n\r\n### Q13: 停车场收费吗？\r\n**A**: 景区停车场免费，但节假日车位紧张，建议早到或选择公共交通。\r\n\r\n## 注意事项\r\n\r\n### Q14: 景区内可以吸烟吗？\r\n**A**: 不可以。景区为竹林区域，严禁吸烟和明火，违者将被罚款并承担法律责任。\r\n\r\n### Q15: 有轮椅/婴儿车租赁吗？\r\n**A**: 有。游客中心提供轮椅和婴儿车免费借用服务，需支付押金，归还后退还。\r\n\r\n### Q16: 老人和儿童游览需要注意什么？\r\n**A**: \r\n- 景区部分路段有台阶，请陪同照顾\r\n- 建议乘坐观光车，减少体力消耗\r\n- 携带必备药品\r\n- 注意防晒和补水\r\n- 夏季推荐携带花露水，防蚊虫叮咬\r\n\r\n### Q17: 遇到紧急情况怎么办？\r\n**A**: \r\n- 医疗急救：景区内有医务室\r\n- 走失：就近联系工作人员或拨打景区服务电话\r\n- 投诉：拨打景区投诉电话或通过小程序反馈\r\n\r\n### Q18: 景区有WiFi吗？\r\n**A**: 主要游客中心和休息区有免费WiFi，但覆盖范围有限。建议提前下载离线地图。\r\n\r\n## 最佳游览时间\r\n\r\n### Q19: 什么时候去最好？\r\n**A**: \r\n- **春季（3-5月）**：竹笋破土，新绿满山\r\n- **夏季（6-8月）**：避暑胜地，清凉舒适\r\n- **秋季（9-11月）**：秋高气爽，色彩斑斓\r\n- **冬季（12-2月）**：游客较少，宁静祥和\r\n\r\n### Q20: 节假日人多吗？\r\n**A**: 五一、国庆等法定节假日游客较多。建议：\r\n- 提前购票\r\n- 早点到达（8:00前）\r\n- 错峰游览（避开上午10:00-12:00高峰）\r\n', 1, '2025-10-07 15:52:35', '2025-10-10 10:56:10');
INSERT INTO `ai_knowledge_doc` VALUES (4, '游览注意事项', 'POLICY', '# 游览注意事项\r\n\r\n## 安全须知\r\n\r\n### 1. 森林防火\r\n- ⚠️ **严禁吸烟、使用明火**\r\n- ⚠️ 不得携带易燃易爆物品入园\r\n- ⚠️ 违者将被处以罚款，情节严重者追究法律责任\r\n\r\n### 2. 游览安全\r\n- 请走规定游览路线，不要进入未开发区域\r\n- 注意脚下，部分路段有台阶和坡道\r\n- 雨天路滑，请慢行并使用扶手\r\n- 不要攀爬护栏和景观设施\r\n\r\n### 3. 儿童安全\r\n- 儿童需有成人陪同\r\n- 看管好孩子，防止走失\r\n- 教育孩子不要破坏竹林\r\n\r\n### 4. 野生动物\r\n- 景区内可能有蛇类等野生动物\r\n- 请不要主动靠近或挑逗野生动物\r\n- 发现异常及时联系工作人员\r\n\r\n## 文明游览\r\n\r\n### 1. 保护环境\r\n- 🌿 爱护竹林，不要折断竹子或刻字\r\n- 🌿 垃圾请投入垃圾桶，分类投放\r\n- 🌿 不要采摘花草、竹笋\r\n- 🌿 保持景区清洁卫生\r\n\r\n### 2. 尊重他人\r\n- 不要大声喧哗，保持安静\r\n- 拍照时注意不要影响他人\r\n- 排队时请保持秩序\r\n- 尊重工作人员的管理\r\n\r\n### 3. 爱护设施\r\n- 不要破坏景区标识和设施\r\n- 正确使用公共卫生间\r\n- 爱护观光车和其他交通工具\r\n\r\n## 游览建议\r\n\r\n### 1. 穿着装备\r\n- 👟 穿舒适的运动鞋或登山鞋\r\n- 👒 携带遮阳帽、太阳镜\r\n- 🧴 涂抹防晒霜\r\n- 🧥 根据天气携带外套（山区温差大）\r\n\r\n### 2. 物品准备\r\n- 💧 携带足够的饮用水\r\n- 🍫 适量零食补充体力\r\n- 💊 常备药品（感冒药、创可贴等）\r\n- 🔋 充电宝（山区信号可能较弱，手机耗电快）\r\n- 🌂 雨具（山区天气多变）\r\n\r\n### 3. 拍照提示\r\n- 📷 注意脚下安全，不要边走边拍\r\n- 📷 使用三脚架需征得管理方同意\r\n- 📷 禁止使用无人机（安全原因）\r\n- 📷 尊重他人肖像权\r\n\r\n### 4. 身体准备\r\n- 💪 评估自己的体力，量力而行\r\n- 💪 高血压、心脏病患者请慎重选择爬山项目\r\n- 💪 适当休息，不要过度疲劳\r\n- 💪 如感不适，立即就近休息或就医\r\n\r\n## 禁止事项\r\n\r\n### ❌ 严禁以下行为：\r\n1. 吸烟、使用明火\r\n2. 携带宠物入园（导盲犬除外）\r\n3. 携带易燃易爆、有毒有害物品\r\n4. 破坏竹林、采摘植物\r\n5. 攀爬护栏、景观设施\r\n6. 在景区内野炊、烧烤\r\n7. 随地吐痰、乱扔垃圾\r\n8. 使用无人机、风筝等飞行器\r\n9. 商业拍摄（未经许可）\r\n10. 其他违反景区规定的行为\r\n\r\n## 天气提示\r\n\r\n### ☀️ 晴天\r\n- 注意防晒，多补水\r\n- 上午10:00前和下午4:00后游览较舒适\r\n\r\n### 🌧️ 雨天\r\n- 携带雨具，穿防滑鞋\r\n- 注意路面湿滑\r\n- 避免在雷雨天登高或靠近大树\r\n\r\n### 🌫️ 雾天\r\n- 能见度低，请慢行\r\n- 跟随导游或团队，不要单独行动\r\n- 雾中竹海别有意境\r\n\r\n## 紧急联系\r\n\r\n- 🚨 **景区报警**：110\r\n- 🚑 **医疗急救**：120\r\n- 📞 **景区服务**：400-xxx-xxxx\r\n- 💬 **在线客服**：小程序【联系客服】\r\n\r\n## 投诉建议\r\n\r\n如遇到问题或有建议，请通过以下方式反馈：\r\n- 小程序【意见反馈】\r\n- 景区游客中心\r\n- 投诉电话：400-xxx-xxxx\r\n\r\n我们将在24小时内回复您的反馈。\r\n\r\n---\r\n\r\n**温馨提示**：请提前了解景区信息，合理安排行程，祝您旅途愉快！ 🎋\r\n', 1, '2025-10-07 15:52:35', '2025-10-07 15:52:35');

-- ----------------------------
-- Table structure for app_user
-- ----------------------------
DROP TABLE IF EXISTS `app_user`;
CREATE TABLE `app_user`  (
  `id` bigint NOT NULL AUTO_INCREMENT COMMENT '用户ID',
  `openid` varchar(64) CHARACTER SET utf8mb4 COLLATE utf8mb4_unicode_ci NOT NULL COMMENT '微信openid',
  `nickname` varchar(100) CHARACTER SET utf8mb4 COLLATE utf8mb4_unicode_ci NULL DEFAULT NULL COMMENT '昵称',
  `avatar` varchar(500) CHARACTER SET utf8mb4 COLLATE utf8mb4_unicode_ci NULL DEFAULT NULL COMMENT '头像',
  `phone` varchar(20) CHARACTER SET utf8mb4 COLLATE utf8mb4_unicode_ci NULL DEFAULT NULL COMMENT '手机号',
  `gender` tinyint(1) NULL DEFAULT 0 COMMENT '性别：0=未知, 1=男, 2=女',
  `id_card` varchar(18) CHARACTER SET utf8mb4 COLLATE utf8mb4_unicode_ci NULL DEFAULT NULL COMMENT '身份证号',
  `real_name` varchar(50) CHARACTER SET utf8mb4 COLLATE utf8mb4_unicode_ci NULL DEFAULT NULL COMMENT '真实姓名',
  `status` tinyint(1) NOT NULL DEFAULT 1 COMMENT '状态：0=禁用, 1=正常',
  `create_time` datetime NOT NULL DEFAULT CURRENT_TIMESTAMP COMMENT '创建时间',
  `update_time` datetime NOT NULL DEFAULT CURRENT_TIMESTAMP ON UPDATE CURRENT_TIMESTAMP COMMENT '更新时间',
  PRIMARY KEY (`id`) USING BTREE,
  UNIQUE INDEX `uk_openid`(`openid` ASC) USING BTREE,
  INDEX `idx_phone`(`phone` ASC) USING BTREE,
  INDEX `idx_status`(`status` ASC) USING BTREE,
  INDEX `idx_create_time`(`create_time` ASC) USING BTREE
) ENGINE = InnoDB AUTO_INCREMENT = 2 CHARACTER SET = utf8mb4 COLLATE = utf8mb4_unicode_ci COMMENT = '用户表' ROW_FORMAT = Dynamic;

-- ----------------------------
-- Records of app_user
-- ----------------------------
INSERT INTO `app_user` VALUES (1, 'ov_-z7UdWNzMXq8G0S8v-vo-1Nl8', 'Haibara', NULL, '', 1, NULL, '王鑫', 1, '2025-10-07 16:05:35', '2025-10-07 16:06:21');

-- ----------------------------
-- Table structure for facility
-- ----------------------------
DROP TABLE IF EXISTS `facility`;
CREATE TABLE `facility`  (
  `id` bigint NOT NULL AUTO_INCREMENT COMMENT '设施ID',
  `facility_type_id` bigint NOT NULL COMMENT '设施类型ID',
  `name` varchar(100) CHARACTER SET utf8mb4 COLLATE utf8mb4_unicode_ci NOT NULL COMMENT '设施名称',
  `address` varchar(255) CHARACTER SET utf8mb4 COLLATE utf8mb4_unicode_ci NULL DEFAULT NULL COMMENT '详细地址',
  `longitude` varchar(50) CHARACTER SET utf8mb4 COLLATE utf8mb4_unicode_ci NULL DEFAULT NULL COMMENT '经度',
  `latitude` varchar(50) CHARACTER SET utf8mb4 COLLATE utf8mb4_unicode_ci NULL DEFAULT NULL COMMENT '纬度',
  `poi_id` varchar(100) CHARACTER SET utf8mb4 COLLATE utf8mb4_unicode_ci NULL DEFAULT NULL COMMENT '高德地图POI ID',
  `open_time` varchar(100) CHARACTER SET utf8mb4 COLLATE utf8mb4_unicode_ci NULL DEFAULT NULL COMMENT '开放时间描述',
  `contact_phone` varchar(50) CHARACTER SET utf8mb4 COLLATE utf8mb4_unicode_ci NULL DEFAULT NULL COMMENT '联系电话',
  `status` tinyint(1) NOT NULL DEFAULT 1 COMMENT '状态：0=禁用, 1=正常',
  `create_time` datetime NOT NULL DEFAULT CURRENT_TIMESTAMP COMMENT '创建时间',
  `update_time` datetime NOT NULL DEFAULT CURRENT_TIMESTAMP ON UPDATE CURRENT_TIMESTAMP COMMENT '更新时间',
  PRIMARY KEY (`id`) USING BTREE,
  INDEX `idx_facility_type_id`(`facility_type_id` ASC) USING BTREE,
  INDEX `idx_name`(`name` ASC) USING BTREE,
  INDEX `idx_status`(`status` ASC) USING BTREE,
  INDEX `idx_poi_id`(`poi_id` ASC) USING BTREE
) ENGINE = InnoDB AUTO_INCREMENT = 109 CHARACTER SET = utf8mb4 COLLATE = utf8mb4_unicode_ci COMMENT = '基础设施表' ROW_FORMAT = Dynamic;

-- ----------------------------
-- Records of facility
-- ----------------------------
INSERT INTO `facility` VALUES (1, 2, '宜宾蜀南竹海风景名胜区游客中心-地上停车场', '宜宾市长宁县宜宾市长宁县竹海镇蜀南竹海内', '104.973337', '28.470931', '150900', '全天开放', NULL, 1, '2025-10-10 14:18:50', '2025-10-10 14:18:50');
INSERT INTO `facility` VALUES (3, 2, '蜀南竹海大酒店-地上停车场', '宜宾市长宁县宜宾市长宁县竹海镇万里服务区往天皇寺200米蜀南竹海大酒店内', '105.037643', '28.489553', '150900', '全天开放', NULL, 1, '2025-10-10 14:18:50', '2025-10-10 14:18:50');
INSERT INTO `facility` VALUES (4, 2, '蜀南竹海索道站地上停车场-出入口', '宜宾市长宁县宜宾市长宁县竹海镇蜀南竹海内', '105.017943', '28.465486', '150900', '全天开放', NULL, 1, '2025-10-10 14:18:50', '2025-10-10 14:18:50');
INSERT INTO `facility` VALUES (5, 2, '蜀南竹海·望龙坪-南侧地上停车场', '宜宾市长宁县宜宾市长宁县蜀南竹海风景名胜区', '104.992322', '28.488697', '150900', '全天开放', NULL, 1, '2025-10-10 14:18:50', '2025-10-10 14:18:50');
INSERT INTO `facility` VALUES (6, 2, '蜀南竹海三合酒家-地上停车场', '宜宾市长宁县宜宾市长宁县蜀南竹海风景名胜区', '105.022469', '28.481782', '150900', '全天开放', NULL, 1, '2025-10-10 14:30:28', '2025-10-10 14:30:28');
INSERT INTO `facility` VALUES (7, 2, '蜀南竹海风景名胜区东大门地上停车场-入口', '宜宾市长宁县宜宾市长宁县竹海镇蜀南竹海内', '105.077608', '28.502804', '150900', '全天开放', NULL, 1, '2025-10-10 14:30:28', '2025-10-10 14:30:28');
INSERT INTO `facility` VALUES (8, 2, '蜀南竹海风景名胜区-A区地上停车场', '宜宾市长宁县宜宾市长宁县X011', '104.944143', '28.498172', '150900', '00:00-23:59', NULL, 1, '2025-10-10 14:30:28', '2025-10-10 14:39:52');
INSERT INTO `facility` VALUES (9, 2, '蜀南竹海风景名胜区-西大门地上停车场', '宜宾市长宁县宜宾市长宁县宜叙高速竹海连接线蜀南竹海风景名胜区西门东南侧约80米', '104.973830', '28.470416', '150900', '00:00-23:59', NULL, 1, '2025-10-10 14:30:28', '2025-10-10 14:39:52');
INSERT INTO `facility` VALUES (10, 2, '龙吟寺-停车场', '宜宾市长宁县宜宾市长宁县蜀南竹海风景区名胜区内', '105.009282', '28.488686', '150900', '00:00-23:59', NULL, 1, '2025-10-10 14:30:28', '2025-10-10 14:39:52');
INSERT INTO `facility` VALUES (11, 2, '蜀南竹海翡翠度假村地上停车场-东出入口', '宜宾市长宁县宜宾市竹海镇农林村二组39号', '105.014461', '28.474335', '150900', '00:00-23:59', NULL, 1, '2025-10-10 14:30:28', '2025-10-10 14:39:52');
INSERT INTO `facility` VALUES (12, 2, '蜀南竹海风景名胜区青云长廊-地上停车场', '宜宾市长宁县四川省宜宾市长宁县竹海镇蜀南竹海风景名胜区内', '105.006745', '28.492124', '150900', '00:00-23:59', NULL, 1, '2025-10-10 14:30:28', '2025-10-10 14:39:52');
INSERT INTO `facility` VALUES (13, 2, '墨溪-P2地上停车场', '宜宾市长宁县宜宾市长宁县索道蜀南竹海风景名胜区', '104.998622', '28.470644', '150900', '00:00-23:59', NULL, 1, '2025-10-10 14:30:28', '2025-10-10 14:39:52');
INSERT INTO `facility` VALUES (14, 2, '翡翠长廊南侧-路侧停车场', '宜宾市长宁县四川省宜宾市长宁县竹海镇蜀南竹海内', '105.012181', '28.472011', '150900', '00:00-23:59', NULL, 1, '2025-10-10 14:30:28', '2025-10-10 14:39:52');
INSERT INTO `facility` VALUES (15, 2, '蜀南竹海·迎风湾广场地上停车场-入口', '宜宾市长宁县宜宾市长宁县', '105.023448', '28.491438', '150900', '00:00-23:59', NULL, 1, '2025-10-10 14:30:28', '2025-10-10 14:39:52');
INSERT INTO `facility` VALUES (16, 2, '海中海地上停车场-东出入口', '宜宾市长宁县宜宾市长宁县竹海镇蜀南竹海内', '105.030113', '28.471644', '150900', '00:00-23:59', NULL, 1, '2025-10-10 14:30:28', '2025-10-10 14:39:52');
INSERT INTO `facility` VALUES (17, 2, '仙寓洞东北侧地上停车场-出入口', '宜宾市长宁县宜宾市长宁县竹海镇蜀南竹海内', '105.028315', '28.467276', '150900', '00:00-23:59', NULL, 1, '2025-10-10 14:30:28', '2025-10-10 14:39:52');
INSERT INTO `facility` VALUES (18, 2, '拜寿台-路侧停车场', '宜宾市江安县四川省宜宾市江安县蜀南竹海风景区名胜区内', '104.991964', '28.457920', '150900', '00:00-23:59', NULL, 1, '2025-10-10 14:30:28', '2025-10-10 14:39:52');
INSERT INTO `facility` VALUES (19, 14, '充电桩-观海楼', '宜宾市长宁县宜宾市长宁县索道蜀南竹海风景名胜区', '105.013530', '28.476294', '150900', '00:00-23:59', NULL, 1, '2025-10-10 14:30:28', '2025-10-10 16:24:34');
INSERT INTO `facility` VALUES (22, 3, '蜀南竹海·熊猫餐厅(花溪十三桥)', '宜宾市长宁县蜀南竹海世纪阳光酒店东南', '105.029594', '28.492261', '050000', '09:00-18:30', NULL, 1, '2025-10-10 14:39:52', '2025-10-10 14:39:52');
INSERT INTO `facility` VALUES (23, 3, '蜀南竹海巴蜀人家全竹宴餐厅', '宜宾市长宁县蜀南竹海景区花溪十三桥', '105.021493', '28.492637', '050000', '09:00-18:30', '13778951216', 1, '2025-10-10 14:39:52', '2025-10-10 14:39:52');
INSERT INTO `facility` VALUES (24, 3, '竹海庭院特色全竹宴', '宜宾市长宁县蜀南竹海西门进一公里处,小桥景区服务中心,竹海庭院', '104.984883', '28.473207', '050000', '08:00-22:00', '13990911131,18208282740', 1, '2025-10-10 14:39:52', '2025-10-10 14:41:47');
INSERT INTO `facility` VALUES (25, 3, '蜀南竹海竹园别苑餐厅', '宜宾市长宁县三合界', '105.023592', '28.479838', '050000', NULL, NULL, 1, '2025-10-10 15:01:02', '2025-10-10 15:01:02');
INSERT INTO `facility` VALUES (26, 3, '翠竹餐厅', '宜宾市长宁县宜宾市长宁县竹海镇蜀南竹海风景名胜区内', '105.012911', '28.474993', '050000', NULL, NULL, 1, '2025-10-10 15:01:02', '2025-10-10 15:01:02');
INSERT INTO `facility` VALUES (27, 3, '竹淋自助餐厅', '宜宾市长宁县长大路蜀南竹海景区内', '105.051502', '28.497385', '050000', '11:00-20:00', '13795816775', 1, '2025-10-10 15:01:02', '2025-10-10 15:01:02');
INSERT INTO `facility` VALUES (28, 3, '蜀南竹海杨土鸡饭店', '宜宾市长宁县宜宾市竹海镇楠木村3组', '104.988466', '28.470134', '050000', NULL, NULL, 1, '2025-10-10 15:01:02', '2025-10-10 15:01:02');
INSERT INTO `facility` VALUES (29, 3, '蜀南竹海竹海风情农家乐', '宜宾市长宁县宜宾市长宁县蜀南竹海景区青云长廊前方约100米处', '105.014231', '28.479541', '050000', '09:00-18:00', NULL, 1, '2025-10-10 15:01:02', '2025-10-10 15:01:02');
INSERT INTO `facility` VALUES (30, 3, '竹影川香(蜀南竹海店)', '宜宾市长宁县竹海镇楠木村双楠里4-1-5、4-1-7号', '104.987687', '28.476156', '050000', NULL, '15283151298', 1, '2025-10-10 15:01:02', '2025-10-10 15:01:02');
INSERT INTO `facility` VALUES (31, 3, '望海山庄·食味雅居·全系竹宴店', '宜宾市长宁县蜀南竹海风景区海中海地上停车场斜对面', '105.029907', '28.471278', '050000', NULL, NULL, 1, '2025-10-10 15:01:02', '2025-10-10 15:01:02');
INSERT INTO `facility` VALUES (32, 3, '竹里清欢·特色全竹宴(蜀南竹海店)', '宜宾市长宁县楠木村双楠里5-1-1、5-2-1号', '104.987862', '28.476629', '050000', '00:00-24:00', '13990981536', 1, '2025-10-10 15:01:02', '2025-10-10 15:01:02');
INSERT INTO `facility` VALUES (33, 3, '山村饭店·特色全竹宴(三十余年老字店)', '宜宾市长宁县蜀南竹海风景区万里竹酒小镇长大路056、058号（竹安隐所西南100米、君悦山庄西南200米）', '105.036730', '28.490259', '050000', '08:00-22:00', '15183142442', 1, '2025-10-10 15:01:02', '2025-10-10 15:01:02');
INSERT INTO `facility` VALUES (34, 9, '蜀南竹海东门-售票处', '宜宾市长宁县四川省宜宾市长宁县蜀南竹海风景名胜区内', '105.077858', '28.503018', '070300', NULL, '13388394881', 1, '2025-10-10 15:34:42', '2025-10-10 15:34:42');
INSERT INTO `facility` VALUES (35, 4, '蜀南竹海风景名胜区-纪念品店', '宜宾市长宁县宜宾市长宁县竹海镇蜀南竹海风景名胜区内', '105.028612', '28.463610', '060100', NULL, NULL, 1, '2025-10-10 15:34:42', '2025-10-10 15:34:42');
INSERT INTO `facility` VALUES (36, 5, '蜀南竹海风景区新游客中心', '宜宾市长宁县四川省宜宾市长宁县竹海路三段15号', '104.946842', '28.495409', '070201', '00:00-24:00', '(0831)4911386', 1, '2025-10-10 15:34:42', '2025-10-10 16:23:07');
INSERT INTO `facility` VALUES (37, 5, '宜宾蜀南竹海风景名胜区游客中心', '宜宾市长宁县宜宾市长宁县宜叙高速竹海连接线蜀南竹海风景名胜区西门西北侧约50米', '104.973121', '28.471365', '070201', '00:00-24:00', '', 1, '2025-10-10 15:34:42', '2025-10-10 16:23:07');
INSERT INTO `facility` VALUES (38, 6, '蜀南竹海游客中心-医务室', '宜宾市长宁县宜宾市长宁县蜀南竹海风景名胜区管理局游人中心蜀南竹海游客中心内', '104.972864', '28.471453', '090300', NULL, NULL, 1, '2025-10-10 15:34:42', '2025-10-10 15:34:42');
INSERT INTO `facility` VALUES (39, 6, '竹海中心卫生院', '宜宾市长宁县宜宾市长宁县G547与中心街交叉路口往北约80米', '104.937707', '28.497190', '090300', NULL, '(0831)4911751', 1, '2025-10-10 15:34:42', '2025-10-10 15:34:42');
INSERT INTO `facility` VALUES (40, 8, '大峡谷索道站', '宜宾市长宁县宜宾市长宁县竹海镇蜀南竹海内', '105.018982', '28.464848', '151300', NULL, NULL, 1, '2025-10-10 15:34:42', '2025-10-10 15:34:42');
INSERT INTO `facility` VALUES (41, 8, '蜀南竹海景区观光索道', '宜宾市长宁县四川省宜宾市长宁县万岭镇宜宾蜀南竹海风景名胜区', '105.012561', '28.474852', '151300', '09:00-17:00', '(0831)8885199', 1, '2025-10-10 15:34:42', '2025-10-10 15:34:42');
INSERT INTO `facility` VALUES (42, 9, '宜宾蜀南竹海风景名胜区售票处', '宜宾市长宁县宜宾市长宁县宜叙高速竹海连接线蜀南竹海风景名胜区西门西北侧约60米', '104.972951', '28.471407', '070300', NULL, NULL, 1, '2025-10-10 15:34:42', '2025-10-10 15:34:42');
INSERT INTO `facility` VALUES (43, 9, '蜀南竹海风景名胜区-售票处', '宜宾市长宁县宜宾市长宁县竹海镇蜀南竹海观光索道(山下)内', '104.999022', '28.470588', '070300', NULL, NULL, 1, '2025-10-10 15:34:42', '2025-10-10 15:34:42');
INSERT INTO `facility` VALUES (44, 9, '竹筏游乐-售票处', '宜宾市长宁县宜宾市长宁县农林村3组22号海中海内', '105.031469', '28.471048', '070300', NULL, NULL, 1, '2025-10-10 15:34:42', '2025-10-10 15:34:42');
INSERT INTO `facility` VALUES (45, 9, '仙女湖渡口-售票处', '宜宾市长宁县宜宾市长宁县竹海镇蜀南竹海仙女湖渡口内', '105.033275', '28.466866', '070300', NULL, NULL, 1, '2025-10-10 15:34:42', '2025-10-10 15:34:42');
INSERT INTO `facility` VALUES (46, 9, '七彩飞瀑景区渡口-售票处', '宜宾市长宁县宜宾市长宁县万岭镇宜宾蜀南竹海风景名胜区七彩飞瀑景区内', '105.040724', '28.496585', '070300', NULL, NULL, 1, '2025-10-10 15:34:42', '2025-10-10 15:34:42');
INSERT INTO `facility` VALUES (47, 9, '青龙湖景区游船码头-售票处', '宜宾市长宁县宜宾市长宁县竹海镇蜀南竹海风景名胜区内', '105.064284', '28.501122', '070300', NULL, NULL, 1, '2025-10-10 15:34:42', '2025-10-10 15:34:42');
INSERT INTO `facility` VALUES (48, 9, '竹海观光索道上站-售票处', '宜宾市长宁县蜀南竹海风景名胜区竹海观光索道-下站内', '105.012363', '28.475006', '070300', '08:00-17:30', NULL, 1, '2025-10-10 15:34:42', '2025-10-10 15:34:42');
INSERT INTO `facility` VALUES (49, 9, '大峡谷索道站下站-售票处', '宜宾市江安县宜宾市江安县竹海镇蜀南竹海索道站内', '105.024149', '28.464888', '070300', NULL, NULL, 1, '2025-10-10 15:34:42', '2025-10-10 15:34:42');
INSERT INTO `facility` VALUES (50, 9, '大峡谷索道站上站-售票处', '宜宾市长宁县蜀南竹海索道站内', '105.018238', '28.465213', '070300', NULL, NULL, 1, '2025-10-10 15:34:42', '2025-10-10 15:34:42');
INSERT INTO `facility` VALUES (51, 12, '蜀南竹海风景名胜区-观光车停靠点', '宜宾市长宁县宜宾市长宁县竹海镇蜀南竹海内', '105.029995', '28.471564', '150701', NULL, NULL, 1, '2025-10-10 15:34:42', '2025-10-10 15:34:42');
INSERT INTO `facility` VALUES (52, 12, '蜀南竹海风景名胜区-观光车站', '宜宾市长宁县宜宾市长宁县竹海镇蜀南竹海内', '104.986778', '28.472605', '150701', NULL, NULL, 1, '2025-10-10 15:34:42', '2025-10-10 15:34:42');
INSERT INTO `facility` VALUES (53, 12, '蜀南竹海风景名胜区-观光车停靠点', '宜宾市长宁县宜宾市长宁县竹海镇蜀南竹海内', '105.041197', '28.494552', '150701', NULL, NULL, 1, '2025-10-10 15:34:42', '2025-10-10 15:34:42');
INSERT INTO `facility` VALUES (54, 12, '蜀南竹海风景名胜区-观光车停靠点', '宜宾市长宁县宜宾市长宁县竹海镇蜀南竹海风景名胜区内', '105.063996', '28.503296', '150701', NULL, NULL, 1, '2025-10-10 15:34:42', '2025-10-10 15:34:42');
INSERT INTO `facility` VALUES (55, 12, '蜀南竹海风景名胜区-观光车停靠点', '宜宾市长宁县宜宾市长宁县竹海镇蜀南竹海风景名胜区内', '105.008742', '28.489147', '150701', NULL, NULL, 1, '2025-10-10 15:34:42', '2025-10-10 15:34:42');
INSERT INTO `facility` VALUES (56, 12, '蜀南竹海风景名胜区-观光车停靠点', '宜宾市长宁县宜宾市长宁县竹海镇蜀南竹海风景名胜区内', '105.077679', '28.503352', '150701', NULL, NULL, 1, '2025-10-10 15:34:42', '2025-10-10 15:34:42');
INSERT INTO `facility` VALUES (57, 12, '蜀南竹海风景名胜区-观光车停靠点', '宜宾市长宁县宜宾市长宁县竹海镇蜀南竹海风景名胜区内', '105.023897', '28.491987', '150701', NULL, NULL, 1, '2025-10-10 15:34:42', '2025-10-10 15:34:42');
INSERT INTO `facility` VALUES (58, 12, '蜀南竹海旅游度假区-观光车乘坐点', '宜宾市长宁县宜宾市长宁县蜀南竹海风景名胜区', '104.989020', '28.467493', '150701', NULL, NULL, 1, '2025-10-10 15:34:42', '2025-10-10 15:34:42');
INSERT INTO `facility` VALUES (61, 10, '蜀南竹海风景名胜区-西大门', '宜宾市长宁县四川省宜宾市长宁县宜叙高速竹海连接线', '104.973353', '28.470972', '991000', NULL, NULL, 1, '2025-10-10 16:13:59', '2025-10-10 16:13:59');
INSERT INTO `facility` VALUES (62, 10, '蜀南竹海风景名胜区-北大门', '宜宾市长宁县宜宾市长宁县', '105.060987', '28.508516', '991000', NULL, NULL, 1, '2025-10-10 16:13:59', '2025-10-10 16:13:59');
INSERT INTO `facility` VALUES (63, 10, '蜀南竹海风景名胜区-东大门', '宜宾市长宁县宜宾市长宁县', '105.077772', '28.503059', '991000', NULL, NULL, 1, '2025-10-10 16:13:59', '2025-10-10 16:13:59');
INSERT INTO `facility` VALUES (64, 9, '蜀南竹海东门-售票处', '宜宾市长宁县四川省宜宾市长宁县蜀南竹海风景名胜区内', '105.077858', '28.503018', '070300', NULL, '13388394881', 1, '2025-10-10 16:23:07', '2025-10-10 16:23:07');
INSERT INTO `facility` VALUES (65, 13, '蜀南竹海风景名胜区游客中心-失物招领处', '宜宾市长宁县宜宾市长宁县蜀南竹海风景名胜区管理局游人中心蜀南竹海游客中心内', '104.973116', '28.471461', '070201', NULL, NULL, 1, '2025-10-10 16:23:07', '2025-10-10 16:23:07');
INSERT INTO `facility` VALUES (66, 14, '快鳗充电站(宜宾蜀南竹海雲栖民宿充电站)', '宜宾市长宁县四川省宜宾市长宁县蜀南竹海风景名胜区内', '104.988079', '28.470064', '011100', NULL, '19980772283', 1, '2025-10-10 16:27:52', '2025-10-10 16:27:52');
INSERT INTO `facility` VALUES (67, 14, '川能充电站(蜀南竹海观景楼度假酒店千途站)', '宜宾市长宁县四川省宜宾市长宁县竹海镇蜀南竹海观景楼酒店', '105.042323', '28.495745', '011100', NULL, '4008088515', 1, '2025-10-10 16:27:52', '2025-10-10 16:27:52');
INSERT INTO `facility` VALUES (68, 14, '川能充电站(蜀南竹海福顺园度假山庄千途站)', '宜宾市长宁县四川省宜宾市长宁县竹海镇蜀南竹海福顺园度假山庄', '105.021932', '28.491466', '011100', NULL, '4008088515', 1, '2025-10-10 16:27:52', '2025-10-10 16:27:52');
INSERT INTO `facility` VALUES (69, 14, '川能充电站(蜀南竹海喜堂精品民宿千途站)', '宜宾市长宁县四川省宜宾市长宁县竹海镇蜀南竹海蜀南家园山庄', '104.985550', '28.475384', '011100', NULL, '4008088515', 1, '2025-10-10 16:27:52', '2025-10-10 16:27:52');
INSERT INTO `facility` VALUES (70, 14, '特斯拉充电站(特斯拉目的地充电站(蜀南竹海竹海小院目的地充电站))', '宜宾市长宁县宜宾市长宁县竹海镇集贤村竹海小院民宿地面车位', '105.026950', '28.496336', '011100', NULL, '4009100707', 1, '2025-10-10 16:36:07', '2025-10-10 16:36:07');
INSERT INTO `facility` VALUES (71, 14, '川能充电站(蜀南竹海竹影山庄千途站)', '宜宾市长宁县四川省宜宾市长宁县竹海镇文化广场蜀南竹海', '105.063513', '28.503004', '011100', NULL, '4008088515', 1, '2025-10-10 16:36:07', '2025-10-10 16:36:07');
INSERT INTO `facility` VALUES (72, 14, '快鳗充电站(宜宾蜀南竹海漫山居民宿充电站)', '宜宾市长宁县四川省宜宾市长宁县竹海镇翼王桥', '104.989458', '28.467398', '011100', NULL, '19980772283', 1, '2025-10-10 16:36:07', '2025-10-10 16:36:07');
INSERT INTO `facility` VALUES (73, 14, '川能充电站(蜀南竹海仙泉山庄千途站)', '宜宾市长宁县四川省宜宾市长宁县竹海镇蜀南竹海生态颐苑农家乐', '104.990237', '28.463639', '011100', NULL, '4008088515', 1, '2025-10-10 16:36:07', '2025-10-10 16:36:07');
INSERT INTO `facility` VALUES (74, 14, '川能充电站(蜀南竹海陈家院子半岛庭院酒店千途站)', '宜宾市长宁县四川省宜宾市长宁县竹海镇陈家院子半岛庭院酒店', '105.033493', '28.470192', '011100', NULL, '4008088515', 1, '2025-10-10 16:36:07', '2025-10-10 16:36:07');
INSERT INTO `facility` VALUES (75, 14, '川能充电站(蜀南竹海桔湘度假酒店千途站)', '宜宾市长宁县四川省宜宾市长宁县竹海镇蜀南竹海桔湘度假酒店', '104.987947', '28.472080', '011100', NULL, '4008088515', 1, '2025-10-10 16:36:07', '2025-10-10 16:36:07');
INSERT INTO `facility` VALUES (76, 14, '川能充电站(蜀南竹海七彩阳光私汤度假民宿酒店千途站)', '宜宾市长宁县四川省宜宾市长宁县竹海镇山村饭店·特色全竹宴蜀南竹海', '105.036174', '28.490359', '011100', NULL, '4008088515', 1, '2025-10-10 16:36:07', '2025-10-10 16:36:07');
INSERT INTO `facility` VALUES (77, 14, '川能充电站(宜宾市蜀南竹海聚贤立园饭店千途站)', '宜宾市长宁县四川省宜宾市长宁县竹海镇长大路蜀南竹海', '104.986941', '28.467162', '011100', NULL, '4008088515', 1, '2025-10-10 16:36:07', '2025-10-10 16:36:07');
INSERT INTO `facility` VALUES (78, 14, '电动汽车充电站(新游客中心站)', '宜宾市长宁县四川省宜宾市长宁县X011', '104.945573', '28.496105', '011100', NULL, NULL, 1, '2025-10-10 16:36:07', '2025-10-10 16:36:07');
INSERT INTO `facility` VALUES (79, 7, '蜀南竹海喜堂·私汤民宿(忘忧谷店)', '宜宾市长宁县竹海镇楠木村三组109号', '104.988435', '28.471952', '100000', NULL, '13890925300', 1, '2025-10-10 17:06:01', '2025-10-10 17:20:41');
INSERT INTO `facility` VALUES (80, 7, '蜀南竹海知音酒店', '宜宾市长宁县竹海镇楠木村一组', '104.977667', '28.474709', '100000', NULL, '13518455688', 1, '2025-10-10 17:06:01', '2025-10-10 17:06:01');
INSERT INTO `facility` VALUES (81, 7, '蜀南竹海上府酒店', '宜宾市长宁县蜀南竹海海中海', '105.031864', '28.471311', '100000', NULL, '13568111128', 1, '2025-10-10 17:06:01', '2025-10-10 17:06:01');
INSERT INTO `facility` VALUES (82, 7, '蜀南竹海清雅居酒店', '宜宾市长宁县蜀南竹海景区内白羊村2组', '104.988144', '28.464234', '100000', NULL, '15984477664', 1, '2025-10-10 17:06:01', '2025-10-10 17:06:01');
INSERT INTO `facility` VALUES (83, 7, '蜀南竹海秘境酒店', '宜宾市长宁县宜宾市楠木村三组79号', '104.992100', '28.488755', '100000', NULL, '(0831)4980218', 1, '2025-10-10 17:06:01', '2025-10-10 17:06:01');
INSERT INTO `facility` VALUES (84, 7, '蜀南竹海陈家院子半岛庭院酒店', '宜宾市长宁县蜀南竹海海中海湖边', '105.033503', '28.470053', '100000', NULL, '13568111779', 1, '2025-10-10 17:06:01', '2025-10-10 17:06:01');
INSERT INTO `facility` VALUES (85, 7, '蜀南竹海七彩湖假日酒店', '宜宾市长宁县四川省宜宾市长宁县蜀南竹海七彩湖景区内', '105.037021', '28.489845', '100000', NULL, '13678314811', 1, '2025-10-10 17:06:01', '2025-10-10 17:06:01');
INSERT INTO `facility` VALUES (86, 7, '蜀南竹海大酒店', '宜宾市长宁县四川省宜宾市长宁县长大路万里服务区内(近七彩湖)', '105.038111', '28.489173', '100000', NULL, '(0831)4977777', 1, '2025-10-10 17:06:01', '2025-10-10 17:06:01');
INSERT INTO `facility` VALUES (87, 7, '蜀南竹海竹盛酒店', '宜宾市长宁县竹海镇农林村二组挂膀岩，大峡谷索道停车场', '105.017600', '28.464999', '100000', NULL, '17390476264', 1, '2025-10-10 17:06:01', '2025-10-10 17:06:01');
INSERT INTO `facility` VALUES (88, 7, '蜀南竹海雲栖·私汤民宿', '宜宾市长宁县宜宾市长宁县蜀南竹海景区竹海镇白羊村2组', '104.988467', '28.470025', '100000', NULL, '15196999441,15826169727', 1, '2025-10-10 17:06:01', '2025-10-10 17:06:01');
INSERT INTO `facility` VALUES (89, 7, '蜀南竹海栖竹民宿', '宜宾市长宁县309省道竹海镇蜀南竹海景区白羊村二组52号（万岭站步行100米）', '104.987939', '28.471689', '100000', NULL, '15883142612,18308112015', 1, '2025-10-10 17:06:01', '2025-10-10 17:06:01');
INSERT INTO `facility` VALUES (90, 7, '蜀南竹海竹海印象酒店', '宜宾市长宁县竹海镇农林村二组（蜀南竹海风景区内）', '105.008972', '28.482798', '100000', NULL, '(0831)4970777', 1, '2025-10-10 17:06:01', '2025-10-10 17:06:01');
INSERT INTO `facility` VALUES (91, 7, '蜀南竹海益兴酒店', '宜宾市长宁县宜宾市长宁县竹海镇益兴村二组(打渔郞旁边)', '104.944145', '28.495910', '100000', NULL, '13088334810', 1, '2025-10-10 17:06:01', '2025-10-10 17:06:01');
INSERT INTO `facility` VALUES (92, 7, '蜀南竹海竹韵轩酒店', '宜宾市江安县竹海镇白羊村邓家山组24号', '104.988192', '28.459821', '100000', NULL, '13989204936,18144284936', 1, '2025-10-10 17:06:01', '2025-10-10 17:06:01');
INSERT INTO `facility` VALUES (93, 7, '蜀南竹海蜀南雅居酒店', '宜宾市长宁县蜀南竹海西门小桥服务区', '104.986312', '28.472264', '100000', NULL, '13778919195', 1, '2025-10-10 17:06:01', '2025-10-10 17:06:01');
INSERT INTO `facility` VALUES (94, 7, '蜀南竹海竹安隐所民宿', '宜宾市长宁县宜宾市长宁县蜀南竹海风景名胜区', '105.037575', '28.491112', '100000', NULL, '(0831)8784999,19150743097', 1, '2025-10-10 17:06:01', '2025-10-10 17:06:01');
INSERT INTO `facility` VALUES (95, 7, 'Q加·蜀南竹海七贤阁温泉酒店', '宜宾市长宁县四川省宜宾市长宁县长宁镇蜀南竹海景区内', '105.051016', '28.497988', '100000', NULL, '(0831)4979777', 1, '2025-10-10 17:06:01', '2025-10-10 17:06:01');
INSERT INTO `facility` VALUES (96, 7, '蜀南竹海醉竹闲居民宿', '宜宾市长宁县竹海镇集贤庄32号（蜀南竹海景区内万里服务区）', '105.034856', '28.488947', '100000', NULL, '15883100223,15983117108', 1, '2025-10-10 17:06:01', '2025-10-10 17:06:01');
INSERT INTO `facility` VALUES (97, 7, '蜀南竹海海云酒店', '宜宾市长宁县四川省宜宾市长宁县蜀南竹海观云亭景区往上2公里处(紧邻翡翠长廊)', '104.998375', '28.463515', '100000', NULL, '18682597199', 1, '2025-10-10 17:06:01', '2025-10-10 17:06:01');
INSERT INTO `facility` VALUES (98, 7, '蜀南竹海名宿竹苑人家客栈(长大路分店)', '宜宾市长宁县四川省宜宾市长宁县蜀南竹海景区内迎风湾旁', '104.994962', '28.489647', '100000', NULL, '13036537171', 1, '2025-10-10 17:06:01', '2025-10-10 17:06:01');
INSERT INTO `facility` VALUES (99, 7, '蜀南竹海思楠竹园酒店', '宜宾市长宁县蜀南竹海仙女湖景区入口正对面50米', '105.028127', '28.467706', '100000', NULL, '13990966420', 1, '2025-10-10 17:06:01', '2025-10-10 17:07:05');
INSERT INTO `facility` VALUES (100, 7, '蜀南竹海竹海人家酒店', '宜宾市长宁县宜宾蜀南竹海景区中心至高点翡翠长廊景点旁300米（长宁县竹海镇农林村二组）', '105.012649', '28.469619', '100000', NULL, '(0831)4976666', 1, '2025-10-10 17:06:01', '2025-10-10 17:06:01');
INSERT INTO `facility` VALUES (101, 7, '蜀南文旅园林度假酒店(蜀南竹海风景名胜区', '宜宾市长宁县竹海镇蜀南竹海集贤村五组', '105.038560', '28.493875', '100000', NULL, '(0831)6016666', 1, '2025-10-10 17:06:01', '2025-10-10 17:06:01');
INSERT INTO `facility` VALUES (102, 7, '蜀南竹海桂花园度假酒店', '宜宾市长宁县蜀南竹海逍遥谷景区停车场（蜀南竹海景区内）', '105.031424', '28.481297', '100000', NULL, '18048769099', 1, '2025-10-10 17:10:49', '2025-10-10 17:10:49');
INSERT INTO `facility` VALUES (103, 7, '宜宾长宁蜀南竹海逍遥谷大酒店', '宜宾市长宁县蜀南竹海景区逍遥谷景区旁近长大路', '105.031864', '28.479997', '100000', NULL, '(0831)8788707,13778955585', 1, '2025-10-10 17:10:49', '2025-10-10 17:10:49');
INSERT INTO `facility` VALUES (104, 7, '蜀南竹海世纪阳光酒店', '宜宾市长宁县蜀南竹海万里镇', '105.029161', '28.492582', '100000', NULL, '(0831)8785799', 1, '2025-10-10 17:13:12', '2025-10-10 17:13:12');
INSERT INTO `facility` VALUES (105, 7, '蜀南竹海桔湘度假酒店', '宜宾市长宁县四川省宜宾市长宁县蜀南竹海景区内（近博物馆和忘忧谷）', '104.987947', '28.472081', '100000', NULL, '(0831)4981111', 1, '2025-10-10 17:13:12', '2025-10-10 17:13:12');
INSERT INTO `facility` VALUES (106, 7, '蜀南竹海碧海云天大酒店', '宜宾市长宁县竹海镇高峰村江岭组（蜀南竹海景区七彩飞瀑旁）', '105.041014', '28.495844', '100000', NULL, '15908297671', 1, '2025-10-10 17:18:45', '2025-10-10 17:18:45');
INSERT INTO `facility` VALUES (107, 7, '长宁竹海世外桃源度假酒店', '宜宾市长宁县竹海镇三江湖，毗邻蜀南竹海', '104.946696', '28.449806', '100000', NULL, '(0831)3833333', 1, '2025-10-10 17:18:45', '2025-10-10 17:18:45');
INSERT INTO `facility` VALUES (108, 7, '蜀南竹海雲隐谷·私汤民宿', '宜宾市长宁县四川省宜宾市长宁县蜀南竹海风景名胜区白羊村二组43号', '104.992222', '28.468671', '100000', NULL, '13990976190,15881358797', 1, '2025-10-10 17:18:45', '2025-10-10 17:18:45');

-- ----------------------------
-- Table structure for facility_type
-- ----------------------------
DROP TABLE IF EXISTS `facility_type`;
CREATE TABLE `facility_type`  (
  `id` bigint NOT NULL AUTO_INCREMENT COMMENT '类型ID',
  `name` varchar(50) CHARACTER SET utf8mb4 COLLATE utf8mb4_unicode_ci NOT NULL COMMENT '类型名称',
  `status` tinyint(1) NOT NULL DEFAULT 1 COMMENT '状态：0=禁用, 1=正常',
  `create_time` datetime NOT NULL DEFAULT CURRENT_TIMESTAMP COMMENT '创建时间',
  `update_time` datetime NOT NULL DEFAULT CURRENT_TIMESTAMP ON UPDATE CURRENT_TIMESTAMP COMMENT '更新时间',
  PRIMARY KEY (`id`) USING BTREE,
  INDEX `idx_name`(`name` ASC) USING BTREE,
  INDEX `idx_status`(`status` ASC) USING BTREE
) ENGINE = InnoDB AUTO_INCREMENT = 15 CHARACTER SET = utf8mb4 COLLATE = utf8mb4_unicode_ci COMMENT = '基础设施类型表' ROW_FORMAT = Dynamic;

-- ----------------------------
-- Records of facility_type
-- ----------------------------
INSERT INTO `facility_type` VALUES (1, '卫生间', 1, '2025-10-07 15:52:35', '2025-10-07 15:52:35');
INSERT INTO `facility_type` VALUES (2, '停车场', 1, '2025-10-07 15:52:35', '2025-10-07 15:52:35');
INSERT INTO `facility_type` VALUES (3, '餐厅', 1, '2025-10-07 15:52:35', '2025-10-07 15:52:35');
INSERT INTO `facility_type` VALUES (4, '商场', 1, '2025-10-07 15:52:35', '2025-10-10 11:26:36');
INSERT INTO `facility_type` VALUES (5, '游客中心', 1, '2025-10-07 15:52:35', '2025-10-07 15:52:35');
INSERT INTO `facility_type` VALUES (6, '医务室', 1, '2025-10-07 15:52:35', '2025-10-07 15:52:35');
INSERT INTO `facility_type` VALUES (7, '住宿', 1, '2025-10-10 11:25:14', '2025-10-10 11:25:14');
INSERT INTO `facility_type` VALUES (8, '乘缆点', 1, '2025-10-10 11:26:36', '2025-10-10 11:26:36');
INSERT INTO `facility_type` VALUES (9, '售票处', 1, '2025-10-10 11:26:36', '2025-10-10 11:26:36');
INSERT INTO `facility_type` VALUES (10, '出入口', 1, '2025-10-10 11:26:36', '2025-10-10 11:26:36');
INSERT INTO `facility_type` VALUES (12, '乘车点', 1, '2025-10-10 11:26:36', '2025-10-10 11:26:36');
INSERT INTO `facility_type` VALUES (13, '服务点', 1, '2025-10-10 11:26:36', '2025-10-10 11:26:36');
INSERT INTO `facility_type` VALUES (14, '充电桩', 1, '2025-10-10 16:24:28', '2025-10-10 16:24:28');

-- ----------------------------
-- Table structure for notification_record
-- ----------------------------
DROP TABLE IF EXISTS `notification_record`;
CREATE TABLE `notification_record`  (
  `id` bigint NOT NULL AUTO_INCREMENT COMMENT '通知记录ID',
  `user_id` bigint NOT NULL COMMENT '用户ID',
  `openid` varchar(64) CHARACTER SET utf8mb4 COLLATE utf8mb4_unicode_ci NOT NULL COMMENT '用户openid',
  `notification_type` varchar(50) CHARACTER SET utf8mb4 COLLATE utf8mb4_unicode_ci NOT NULL COMMENT '通知类型',
  `template_id` varchar(100) CHARACTER SET utf8mb4 COLLATE utf8mb4_unicode_ci NOT NULL COMMENT '模板ID',
  `title` varchar(100) CHARACTER SET utf8mb4 COLLATE utf8mb4_unicode_ci NULL DEFAULT NULL COMMENT '通知标题',
  `content` text CHARACTER SET utf8mb4 COLLATE utf8mb4_unicode_ci NULL COMMENT '通知内容JSON',
  `send_status` tinyint(1) NOT NULL DEFAULT 0 COMMENT '发送状态：0=发送失败, 1=发送成功',
  `fail_reason` varchar(500) CHARACTER SET utf8mb4 COLLATE utf8mb4_unicode_ci NULL DEFAULT NULL COMMENT '失败原因',
  `business_id` bigint NULL DEFAULT NULL COMMENT '关联业务ID（如订单ID）',
  `send_time` datetime NULL DEFAULT NULL COMMENT '发送时间',
  `status` tinyint(1) NOT NULL DEFAULT 1 COMMENT '状态：0=禁用, 1=正常',
  `create_time` datetime NOT NULL DEFAULT CURRENT_TIMESTAMP COMMENT '创建时间',
  `update_time` datetime NOT NULL DEFAULT CURRENT_TIMESTAMP ON UPDATE CURRENT_TIMESTAMP COMMENT '更新时间',
  PRIMARY KEY (`id`) USING BTREE,
  INDEX `idx_user_id`(`user_id` ASC) USING BTREE,
  INDEX `idx_openid`(`openid` ASC) USING BTREE,
  INDEX `idx_notification_type`(`notification_type` ASC) USING BTREE,
  INDEX `idx_send_status`(`send_status` ASC) USING BTREE,
  INDEX `idx_business_id`(`business_id` ASC) USING BTREE,
  INDEX `idx_send_time`(`send_time` ASC) USING BTREE,
  INDEX `idx_create_time`(`create_time` ASC) USING BTREE
) ENGINE = InnoDB CHARACTER SET = utf8mb4 COLLATE = utf8mb4_unicode_ci COMMENT = '消息通知记录表' ROW_FORMAT = Dynamic;

-- ----------------------------
-- Records of notification_record
-- ----------------------------

-- ----------------------------
-- Table structure for order_item
-- ----------------------------
DROP TABLE IF EXISTS `order_item`;
CREATE TABLE `order_item`  (
  `id` bigint NOT NULL AUTO_INCREMENT COMMENT '订单明细ID',
  `order_id` bigint NOT NULL COMMENT '订单ID',
  `item_type` tinyint NOT NULL COMMENT '订单项类型：1=门票, 2=住宿, 3=餐饮, 4=商品',
  `item_id` bigint NOT NULL COMMENT '对应商品ID',
  `item_name` varchar(100) CHARACTER SET utf8mb4 COLLATE utf8mb4_unicode_ci NOT NULL COMMENT '商品名称',
  `quantity` int NOT NULL DEFAULT 1 COMMENT '数量',
  `price` decimal(10, 2) NOT NULL COMMENT '单价',
  `total_amount` decimal(10, 2) NOT NULL COMMENT '小计',
  `status` tinyint(1) NOT NULL DEFAULT 1 COMMENT '状态：0=禁用, 1=正常',
  `create_time` datetime NOT NULL DEFAULT CURRENT_TIMESTAMP COMMENT '创建时间',
  `update_time` datetime NOT NULL DEFAULT CURRENT_TIMESTAMP ON UPDATE CURRENT_TIMESTAMP COMMENT '更新时间',
  PRIMARY KEY (`id`) USING BTREE,
  INDEX `idx_order_id`(`order_id` ASC) USING BTREE,
  INDEX `idx_item_type`(`item_type` ASC) USING BTREE,
  INDEX `idx_item_id`(`item_id` ASC) USING BTREE,
  INDEX `idx_status`(`status` ASC) USING BTREE
) ENGINE = InnoDB CHARACTER SET = utf8mb4 COLLATE = utf8mb4_unicode_ci COMMENT = '订单明细表' ROW_FORMAT = Dynamic;

-- ----------------------------
-- Records of order_item
-- ----------------------------

-- ----------------------------
-- Table structure for orders
-- ----------------------------
DROP TABLE IF EXISTS `orders`;
CREATE TABLE `orders`  (
  `id` bigint NOT NULL AUTO_INCREMENT COMMENT '订单ID',
  `order_no` varchar(32) CHARACTER SET utf8mb4 COLLATE utf8mb4_unicode_ci NOT NULL COMMENT '订单号',
  `user_id` bigint NOT NULL COMMENT '用户ID',
  `phone` varchar(20) CHARACTER SET utf8mb4 COLLATE utf8mb4_unicode_ci NOT NULL COMMENT '下单人手机号',
  `order_type` tinyint NOT NULL DEFAULT 1 COMMENT '订单类型：1=景点门票, 2=住宿, 3=餐饮, 4=文创商品',
  `visit_date` date NULL DEFAULT NULL COMMENT '游玩日期',
  `total_amount` decimal(10, 2) NOT NULL DEFAULT 0.00 COMMENT '订单总金额',
  `order_status` tinyint NOT NULL DEFAULT 0 COMMENT '订单状态：0=待支付, 1=已支付, 2=已取消, 3=已退款, 4=已完成',
  `pay_time` datetime NULL DEFAULT NULL COMMENT '支付时间',
  `cancel_time` datetime NULL DEFAULT NULL COMMENT '取消时间',
  `cancel_reason` varchar(255) CHARACTER SET utf8mb4 COLLATE utf8mb4_unicode_ci NULL DEFAULT NULL COMMENT '取消原因',
  `refund_time` datetime NULL DEFAULT NULL COMMENT '退款时间',
  `complete_time` datetime NULL DEFAULT NULL COMMENT '完成时间',
  `expire_time` datetime NULL DEFAULT NULL COMMENT '订单过期时间',
  `status` tinyint(1) NOT NULL DEFAULT 1 COMMENT '状态：0=禁用, 1=正常',
  `create_time` datetime NOT NULL DEFAULT CURRENT_TIMESTAMP COMMENT '创建时间',
  `update_time` datetime NOT NULL DEFAULT CURRENT_TIMESTAMP ON UPDATE CURRENT_TIMESTAMP COMMENT '更新时间',
  PRIMARY KEY (`id`) USING BTREE,
  UNIQUE INDEX `uk_order_no`(`order_no` ASC) USING BTREE,
  INDEX `idx_user_id`(`user_id` ASC) USING BTREE,
  INDEX `idx_order_status`(`order_status` ASC) USING BTREE,
  INDEX `idx_order_type`(`order_type` ASC) USING BTREE,
  INDEX `idx_visit_date`(`visit_date` ASC) USING BTREE,
  INDEX `idx_create_time`(`create_time` ASC) USING BTREE,
  INDEX `idx_expire_time`(`expire_time` ASC) USING BTREE,
  INDEX `idx_order_no`(`order_no` ASC) USING BTREE
) ENGINE = InnoDB CHARACTER SET = utf8mb4 COLLATE = utf8mb4_unicode_ci COMMENT = '订单表' ROW_FORMAT = Dynamic;

-- ----------------------------
-- Records of orders
-- ----------------------------

-- ----------------------------
-- Table structure for scenic_image
-- ----------------------------
DROP TABLE IF EXISTS `scenic_image`;
CREATE TABLE `scenic_image`  (
  `id` bigint NOT NULL AUTO_INCREMENT COMMENT '图片ID',
  `scenic_id` bigint NOT NULL COMMENT '关联景点ID',
  `img_url` varchar(500) CHARACTER SET utf8mb4 COLLATE utf8mb4_unicode_ci NOT NULL COMMENT '图片地址',
  `type` tinyint(1) NOT NULL DEFAULT 1 COMMENT '图片类型：0=封面, 1=详情, 2=头像',
  `sort` int NULL DEFAULT 0 COMMENT '排序',
  `name` varchar(100) CHARACTER SET utf8mb4 COLLATE utf8mb4_unicode_ci NULL DEFAULT NULL COMMENT '照片名称',
  `size` double NULL DEFAULT NULL COMMENT '照片体积大小(KB)',
  `status` tinyint(1) NOT NULL DEFAULT 1 COMMENT '状态：0=禁用, 1=正常',
  `create_time` datetime NOT NULL DEFAULT CURRENT_TIMESTAMP COMMENT '创建时间',
  `update_time` datetime NOT NULL DEFAULT CURRENT_TIMESTAMP ON UPDATE CURRENT_TIMESTAMP COMMENT '更新时间',
  PRIMARY KEY (`id`) USING BTREE,
  INDEX `idx_scenic_id`(`scenic_id` ASC) USING BTREE,
  INDEX `idx_type`(`type` ASC) USING BTREE,
  INDEX `idx_sort`(`sort` ASC) USING BTREE,
  INDEX `idx_status`(`status` ASC) USING BTREE
) ENGINE = InnoDB CHARACTER SET = utf8mb4 COLLATE = utf8mb4_unicode_ci COMMENT = '景点图片表' ROW_FORMAT = Dynamic;

-- ----------------------------
-- Records of scenic_image
-- ----------------------------

-- ----------------------------
-- Table structure for scenic_spot
-- ----------------------------
DROP TABLE IF EXISTS `scenic_spot`;
CREATE TABLE `scenic_spot`  (
  `id` bigint NOT NULL AUTO_INCREMENT COMMENT '景点ID',
  `parent_id` bigint NULL DEFAULT 1 COMMENT '父级景区ID（NULL或1表示蜀南竹海景区，景点默认为1）',
  `spot_type` tinyint(1) NOT NULL DEFAULT 1 COMMENT '类型：0=景区（蜀南竹海）, 1=景点（景区内的景点，默认值）',
  `name` varchar(100) CHARACTER SET utf8mb4 COLLATE utf8mb4_unicode_ci NOT NULL COMMENT '景点名称',
  `description` text CHARACTER SET utf8mb4 COLLATE utf8mb4_unicode_ci NULL COMMENT '景点描述',
  `longitude` varchar(50) CHARACTER SET utf8mb4 COLLATE utf8mb4_unicode_ci NULL DEFAULT NULL COMMENT '经度',
  `latitude` varchar(50) CHARACTER SET utf8mb4 COLLATE utf8mb4_unicode_ci NULL DEFAULT NULL COMMENT '纬度',
  `poi_id` varchar(100) CHARACTER SET utf8mb4 COLLATE utf8mb4_unicode_ci NULL DEFAULT NULL COMMENT '高德地图POI ID',
  `address` varchar(255) CHARACTER SET utf8mb4 COLLATE utf8mb4_unicode_ci NULL DEFAULT NULL COMMENT '文字地址',
  `model_3d_url` varchar(500) CHARACTER SET utf8mb4 COLLATE utf8mb4_unicode_ci NULL DEFAULT NULL COMMENT '3D模型链接',
  `display_order` int NULL DEFAULT 0 COMMENT '展示顺序',
  `status` tinyint(1) NOT NULL DEFAULT 1 COMMENT '状态：0=禁用, 1=正常',
  `create_time` datetime NOT NULL DEFAULT CURRENT_TIMESTAMP COMMENT '创建时间',
  `update_time` datetime NOT NULL DEFAULT CURRENT_TIMESTAMP ON UPDATE CURRENT_TIMESTAMP COMMENT '更新时间',
  PRIMARY KEY (`id`) USING BTREE,
  INDEX `idx_parent_id`(`parent_id` ASC) USING BTREE,
  INDEX `idx_spot_type`(`spot_type` ASC) USING BTREE,
  INDEX `idx_name`(`name` ASC) USING BTREE,
  INDEX `idx_status`(`status` ASC) USING BTREE,
  INDEX `idx_display_order`(`display_order` ASC) USING BTREE,
  INDEX `idx_poi_id`(`poi_id` ASC) USING BTREE
) ENGINE = InnoDB AUTO_INCREMENT = 29 CHARACTER SET = utf8mb4 COLLATE = utf8mb4_unicode_ci COMMENT = '景点表（景区和景点两级结构）' ROW_FORMAT = Dynamic;

-- ----------------------------
-- Records of scenic_spot
-- ----------------------------
INSERT INTO `scenic_spot` VALUES (1, NULL, 0, '蜀南竹海', '蜀南竹海位于四川省宜宾市长宁县、江安县一带，是国家AAAA级旅游景区，中国旅游目的地四十佳。蜀南竹海位于四川南部的宜宾市境内，幅员面积120平方公里，核心景区45平方公里，共有八大主景区，两大序景区134处景点。由27条峻岭，500多座峰峦组成，景区内共有竹子400余种，7万余亩，楠竹枝叠根连，葱绿俊秀，浩瀚壮观。蜀南竹海是世界上集中面积最大的天然竹林景区，独特的地理位置，造就了“云山竹海，天上人间”。是世界罕见、中国唯一的集竹景、山水、湖泊、瀑布、古庙于一体，同时兼有历史悠久的人文景观的竹文化、竹生态休闲度假旅游目的地。蜀南竹海的植被覆盖率达92.4%，景区内绿色怡人、空气清新，是一座天然的绿色大氧吧。更是川南地区著名的影视基地,《卧虎藏龙》、《大人物》、《大酒商》、《风云2》、《爱到春潮滚滚来》、《勇士》、浙江卫视《24小时》真人秀栏目等诸多影视作品和综艺节目都将蜀南竹海作为了外景拍摄地点。蜀南竹海，四季皆宜：春日，新笋遍地，生意盎然；盛夏，嫩竹泻翠，林荫蔽日，瀑飞泉涌，气候爽人；金秋，翠竹摇风，绿竹林中，红叶点点；隆冬，林寒涧肃，青枝白雪，相映成趣。', '104.982268', '28.460824', NULL, '四川省宜宾市长宁县蜀南竹海', NULL, 1, 1, '2025-10-07 15:52:35', '2025-10-09 22:16:24');
INSERT INTO `scenic_spot` VALUES (2, 1, 1, '忘忧谷', '忘忧谷位于蜀南竹海西南部，是丹霞地貌中典型的“Ⅴ”字型峡谷，以其幽静而著称，是蜀南竹海的标志性景点之一，谷内主要有“古佛洞”、“五叠屏”、“天生桥”、“石破天惊”、“九天涤尘”、“石上流”等景观。相传古代曾有贤者在此隐居，自云“乐以忘忧”，因得此名。谷内宁静幽深，竹林茂密，竹影丛丛，景中有景；小石径溯溪而上，斗折蛇行，阳光透过竹叶的间隙,在地上筛下点点金光，清润的山泉，一路跌宕，留下众多瀑布。谷中楠竹粗大而且密集，溪水哗哗，瀑布叠叠。林里荫黑如山雨欲来，而此时林外往往又红日当午。溪中的石头都长着青苔、汀兰、菖蒲，林风拂来，伏天也如凉秋。', '104.987374', '28.457401', NULL, '四川省宜宾市长宁县蜀南竹海忘忧谷', NULL, 2, 1, '2025-10-07 15:52:35', '2025-10-09 22:16:24');
INSERT INTO `scenic_spot` VALUES (3, 1, 1, '天宝寨', '天宝寨位于蜀南竹海东南部，紧邻仙寓洞。内有“隐秀壑”、“撑腰岩”、“半边楼遗址”、“黄伞石”、“锦绣田园”等景观。天宝寨原是一个天然岩腔，长约1500米，高20米左右，宽10米左右。上为悬空绝壁，下是千仞削壁，陡不可攀。这里景色壮丽，晴天，红色砂岩在阳光的照射下金碧辉煌。雨雾天气，云飘雾拂，景色奇丽。洞的四周翠竹围合，犹如天然屏障遮挡视线，人行其中，虽险不惊。古寨依天然石洞筑构，底部、顶部、里壁均系天然磐石赤长廊形半边洞，下临万仞陡岩,寨依洞成', '105.019448', '28.456695', NULL, '四川省宜宾市长宁县蜀南竹海天宝寨', NULL, 3, 1, '2025-10-07 15:52:35', '2025-10-09 22:16:24');
INSERT INTO `scenic_spot` VALUES (4, 1, 1, '七彩飞瀑', '七彩飞瀑又名落魂台，是蜀南竹海最壮观的瀑布群，处在石鼓山和石锣山之间的葫芦谷中。从蜀南竹海深处流出的水潦河，在回龙桥处跌向深谷，形成罕见的瀑布群。瀑布总高约200米，共有四级。其中最壮观的是高40米，宽4米的第三级。有人曾以“飞瀑凌空万古息”绘其形，“回声震吼惊天潮”状其声。飞流直下，水雾升腾。晴日的中午时分，阳光透过水雾，折映出七色光环，形成斑斓缤纷的彩虹，十分瑰丽、雄奇、壮观，七彩飞瀑由此得名。', '105.036577', '28.489872', NULL, '四川省宜宾市长宁县蜀南竹海七彩飞瀑', NULL, 4, 1, '2025-10-07 15:52:35', '2025-10-09 22:16:24');
INSERT INTO `scenic_spot` VALUES (5, 1, 1, '翡翠长廊', '翡翠长廊位于竹海竹林深处，是蜀南竹海标志性景观之一， 路面是由“色如渥丹、灿若明霞”的天然红色砂石铺成，长480米，宽6.5米，两旁密集的老竹新篁拱列，遮天蔽日。红色宛如地毯的道路与绿色屏风般的楠竹交相辉映，形成秀丽壮美的翠长廊，加之道路时起时伏，顶上两旁修竹争向内倾，几乎拱合，丹霞与翡翠交相辉映，从而成为蜀南竹海最具特色的标志性景观和拍照留影点。', '105.005864', '28.466682', NULL, '四川省宜宾市长宁县蜀南竹海翡翠长廊', NULL, 5, 1, '2025-10-07 15:52:35', '2025-10-09 22:16:24');
INSERT INTO `scenic_spot` VALUES (6, 1, 1, '天皇寺', '天皇寺是一座古刹，伫立在竹海深处的山峰之巅。登至寺顶，四下竹浪连绵、层峦起伏，云雾在竹海中浮沉，风过竹梢，涛声阵阵。置身其间，仿佛在万壑之间俯瞰苍翠竹海，无边无际，听风声细语，看竹影婆娑，令人心神涤荡。', '105.037468', '28.466506', NULL, '四川省宜宾市长宁县蜀南竹海天皇寺', NULL, 6, 1, '2025-10-07 15:52:35', '2025-10-10 09:56:48');
INSERT INTO `scenic_spot` VALUES (7, 1, 1, '龙吟寺', '龙吟寺是一座佛寺，也叫龙尾寺，坐落在海拔980米的九龙山上，为蜀南竹海第二高峰。登临绝顶，有“一览众山小”之感。这里翠浪起伏，浩渺连天，天风吹荡，竹涛声声，恍若龙吟，展现出一望无际的竹海奇观。', '105.002613', '28.484112', NULL, '四川省宜宾市长宁县蜀南竹海龙吟台', NULL, 7, 1, '2025-10-07 15:52:35', '2025-10-10 09:56:50');
INSERT INTO `scenic_spot` VALUES (8, 1, 1, '仙寓洞', '仙寓洞位于蜀南竹海南部，因自然景观和人文景观极佳被誉为“竹海明珠”。仙寓洞原是一个天然岩腔，长300余米，宽和高2米至15米。洞上是莽莽的楠竹林，洞下是蜀南竹海大峡谷。隔蜀南竹海大峡谷的是挂膀岩洞穴群。谷中，时或烟波浩渺，时或云飞雾聚，仙寓洞也就时隐时现于烟霭云雾之中。从洞中往外观，周围青绿翠蔓，碧浪无垠。若是天气晴朗，云消雾散，可鸟瞰十里田园景色。 仙寓洞又是一个依山靠岩建造的石窟寺庙。这里最早是一个道观，后来佛教兴盛。宋朝以后，相继修建了观音殿，大雄宝殿、小雄宝殿等佛教活动场所。清代又有道人黄化等在此开展道教活动，兴建了玉皇殿、老君殿等活动场所。仙寓洞，实际上是一个佛教和道教共同存在的宗教活动场所。', '105.017545', '28.458571', NULL, '四川省宜宾市长宁县蜀南竹海仙寓洞', NULL, 8, 1, '2025-10-07 15:52:35', '2025-10-10 09:56:51');
INSERT INTO `scenic_spot` VALUES (9, 1, 1, '仙女湖', '仙女湖是蜀南竹海的著名景点，位于仙寓洞景区山顶上，是蜀南竹海海拔最高的湖泊，与天宝寨、仙寓洞形成仙寓洞景区旅游环线。仙女湖面积三十多亩，湖水清澈碧绿。晨曦初升，夕阳西下，万道霞光之中，仙女湖犹如一个金色的湖盆，壮丽辉煌。晨雾烟雨之时，绿的山、翠的竹，又构成了一幅幅美丽的水彩画卷。', '105.027121', '28.460866', NULL, '四川省宜宾市长宁县蜀南竹海仙女湖', NULL, 9, 1, '2025-10-07 15:52:35', '2025-10-10 09:56:52');
INSERT INTO `scenic_spot` VALUES (10, 1, 1, '青龙湖', '青龙湖位于蜀南竹海东北部，为竹海最大的湖泊，面积1.51平方公里，位于高耸险峻的插旗山下，因湖水碧绿，湖身呈龙状，鳞爪分明，故名“青龙湖”。湖内鱼类众多，湖中有圆形小岛与青山交相辉映，如青龙献珠。湖面翠竹掩映，湖心的两座浑圆小岛，长满碧森森翠竹，湖光山色,一片碧绿', '105.057147', '28.497195', NULL, '四川省宜宾市长宁县蜀南竹海青龙湖', NULL, 10, 1, '2025-10-07 15:52:35', '2025-10-10 09:56:54');
INSERT INTO `scenic_spot` VALUES (11, 1, 1, '海中海', '海中海是竹海山上一个海拔较低的槽谷，后筑坝形成湖泊，湖面面积约60亩，湖面空旷开阔，俨然茫茫竹海中的一片“海子”，故名海中海。海中海是获得奥斯卡最佳外语片等四项奖项和十项提名的经典武侠电影《卧虎藏龙》取景地，与青龙湖、仙女湖等天然湖泊在蜀南竹海内从山巅至山脚星罗棋布，构成了一幅山中有水、水中有山、山水相依、竹在其间的天然山水竹画卷。', '105.025075', '28.463714', NULL, '四川省宜宾市长宁县蜀南竹海海中海', NULL, 11, 1, '2025-10-09 21:42:05', '2025-10-10 09:56:55');
INSERT INTO `scenic_spot` VALUES (12, 1, 1, '花溪十三桥', '花溪十三桥位于蜀南竹海北部，是一条主要以山居风光为特色的步行游览线。花溪原名潦水河，两岸翠竹林箐，农户错落其间，溪流婉曲，流水淙淙，清澈见底；溪边林间，野芳发而幽香，绿竹秀而繁阴。行走在这幽谷林间，有着辛弃疾《西江月》中“路转溪桥忽见”的意境。溪岸散布人家，有小桥连接两岸；大约1公里的溪流上，竹桥木桥而外，各式石桥，即达13座之多，其中还有8座系明清古桥。', '105.017624', '28.485746', NULL, '四川省宜宾市长宁县蜀南竹海花溪十三桥', NULL, 12, 1, '2025-10-09 21:47:15', '2025-10-10 09:56:56');
INSERT INTO `scenic_spot` VALUES (13, 1, 1, '竹尖漫步', '竹尖漫步的主栈道全长约1.7公里，全程蜿蜒在竹林中，宛如游龙在竹间盘旋起舞、翻云吐雾，游客在这里可以近距离观赏楠竹，体验“竹尖漫步”。在这里远眺，不仅可以观赏波涛似的竹海，而且可看到远处的山水田园画卷。', '105.011564', '28.458005', NULL, '四川省宜宾市长宁县蜀南竹海竹尖漫步', NULL, 13, 1, '2025-10-09 21:53:01', '2025-10-10 09:56:57');
INSERT INTO `scenic_spot` VALUES (14, 1, 1, '蜀南竹海博物馆', '蜀南竹海博物馆是全国最大的竹类专业博物馆， 占地面积6668米，建筑面积 3800 多平方米。博物馆集竹文物收藏保护、展览、学术研究和社会教育于一体，以“追溯千古民族文化，展示万载竹类精华”为宗旨。由自然馆、历史馆、民俗1馆2馆和竹韵馆四馆厅组成。', '104.982221', '28.461284', NULL, '四川省宜宾市长宁县蜀南竹海博物馆', NULL, 14, 1, '2025-10-09 21:55:02', '2025-10-10 09:56:57');
INSERT INTO `scenic_spot` VALUES (15, 1, 1, '望龙坪', '望龙坪位于蜀南竹海北部边缘群山峻岭脊背上，在竹林的掩映之下，光与影就这样摇曳生姿显得九龙山更加的雄伟壮观、幽深秀丽，悬浮在竹海之上，每一寸风景都美得让人陶醉。', '104.985270', '28.482803', NULL, '四川省宜宾市长宁县蜀南竹海望龙坪', NULL, 15, 1, '2025-10-09 22:07:08', '2025-10-10 09:57:01');
INSERT INTO `scenic_spot` VALUES (16, 1, 1, '青云长廊', '青云长廊位于蜀南竹海北部边缘的群山之巅，九龙山的山腰，是观赏最美丘陵、诗画田园的又一胜地。有诗描述：天阔云闲步长廊，清柔明朗润远山。站在岩顶远眺，百里沃野，尽奔眼底。临岩俯瞰、山麓、冈峦起伏似翻滚的波浪。近处，浅丘平坝如碧波涟漪；远处，丘海连绵，佛来山群峰逶迤。条条河带，层层梯田，缈缈炊烟，如诗如画。', '105.004488', '28.486798', NULL, '四川省宜宾市长宁县蜀南竹海青云长廊', NULL, 16, 1, '2025-10-09 22:09:33', '2025-10-10 09:57:03');
INSERT INTO `scenic_spot` VALUES (17, 1, 1, '观海楼', '观海楼原名吊黄楼，与北宋著名文学家、书法家黄庭坚有关。北宋年间，黄庭坚悠游蜀南竹海，登临处，面对满目翠竹连声叹曰：“壮哉，壮哉，竹波万里！”这一叹，天地大美，绝响千年！后世在此建楼凭吊之。自宋朝以来，历朝历代多次修缮。今之观海楼，是在原址上恢复重建的。登楼远眺，那一山山，一岭岭，密集广布，浩瀚广阔的竹林之海，使人胸襟顿开，心旷神怡。临空俯瞰，座座峰峦，似翠色尽染；条条峻岭，如碧浪翻滚，千里烟波，尽涌眼底。', '105.005091', '28.468122', NULL, '四川省宜宾市长宁县蜀南竹海观海楼', NULL, 17, 1, '2025-10-09 22:10:50', '2025-10-10 09:57:04');
INSERT INTO `scenic_spot` VALUES (18, 1, 1, '拜寿台', '拜寿台是2008年北京奥运会开幕式中国山水画卷“百龟拜寿”取景点，“四川 100个最美景观拍摄点”和蜀南竹海标志性景观之一。山下一座座浅丘，似不计其数的长寿神龟正在拜寿，故得名拜寿台，山下河流、水田蒸发的水汽在清晨形成云雾，云雾与丘陵、山峦相互映衬，宛如美丽山水画卷，“云山竹海、天上人间”在此充分体现。', '104.985586', '28.451742', NULL, '四川省宜宾市长宁县蜀南竹海拜寿台', NULL, 18, 1, '2025-10-09 22:13:53', '2025-10-10 09:57:08');

-- ----------------------------
-- Table structure for scenic_ticket
-- ----------------------------
DROP TABLE IF EXISTS `scenic_ticket`;
CREATE TABLE `scenic_ticket`  (
  `id` bigint NOT NULL AUTO_INCREMENT COMMENT 'ID',
  `scenic_spot_id` bigint NOT NULL COMMENT '景点ID',
  `ticket_type_id` bigint NOT NULL COMMENT '票种ID',
  `price` decimal(10, 2) NOT NULL DEFAULT 0.00 COMMENT '价格',
  `sold_count` int NULL DEFAULT 0 COMMENT '门票售出数量',
  `status` tinyint(1) NOT NULL DEFAULT 1 COMMENT '状态：0=禁用, 1=正常',
  `create_time` datetime NOT NULL DEFAULT CURRENT_TIMESTAMP COMMENT '创建时间',
  `update_time` datetime NOT NULL DEFAULT CURRENT_TIMESTAMP ON UPDATE CURRENT_TIMESTAMP COMMENT '更新时间',
  PRIMARY KEY (`id`) USING BTREE,
  INDEX `idx_scenic_spot_id`(`scenic_spot_id` ASC) USING BTREE,
  INDEX `idx_ticket_type_id`(`ticket_type_id` ASC) USING BTREE,
  INDEX `idx_status`(`status` ASC) USING BTREE,
  INDEX `idx_price`(`price` ASC) USING BTREE
) ENGINE = InnoDB AUTO_INCREMENT = 8 CHARACTER SET = utf8mb4 COLLATE = utf8mb4_unicode_ci COMMENT = '景点票种关联表' ROW_FORMAT = Dynamic;

-- ----------------------------
-- Records of scenic_ticket
-- ----------------------------
INSERT INTO `scenic_ticket` VALUES (1, 1, 1, 100.00, 0, 1, '2025-10-07 15:52:35', '2025-10-07 15:52:35');
INSERT INTO `scenic_ticket` VALUES (2, 1, 2, 50.00, 0, 1, '2025-10-07 15:52:35', '2025-10-10 10:01:10');
INSERT INTO `scenic_ticket` VALUES (3, 1, 3, 50.00, 0, 1, '2025-10-07 15:52:35', '2025-10-07 15:52:35');
INSERT INTO `scenic_ticket` VALUES (4, 1, 4, 50.00, 0, 1, '2025-10-07 15:52:35', '2025-10-10 10:01:22');
INSERT INTO `scenic_ticket` VALUES (5, 1, 5, 220.00, 0, 1, '2025-10-07 15:52:35', '2025-10-10 10:01:36');
INSERT INTO `scenic_ticket` VALUES (6, 1, 6, 30.00, 0, 1, '2025-10-07 15:52:35', '2025-10-10 10:01:43');
INSERT INTO `scenic_ticket` VALUES (7, 1, 7, 100.00, 0, 1, '2025-10-10 10:59:37', '2025-10-10 10:59:37');

-- ----------------------------
-- Table structure for ticket_type
-- ----------------------------
DROP TABLE IF EXISTS `ticket_type`;
CREATE TABLE `ticket_type`  (
  `id` bigint NOT NULL AUTO_INCREMENT COMMENT '票种ID',
  `name` varchar(50) CHARACTER SET utf8mb4 COLLATE utf8mb4_unicode_ci NOT NULL COMMENT '票种名称',
  `description` varchar(500) CHARACTER SET utf8mb4 COLLATE utf8mb4_unicode_ci NULL DEFAULT NULL COMMENT '票种描述',
  `valid_days` int NULL DEFAULT 1 COMMENT '有效天数',
  `status` tinyint(1) NOT NULL DEFAULT 1 COMMENT '状态：0=禁用, 1=正常',
  `create_time` datetime NOT NULL DEFAULT CURRENT_TIMESTAMP COMMENT '创建时间',
  `update_time` datetime NOT NULL DEFAULT CURRENT_TIMESTAMP ON UPDATE CURRENT_TIMESTAMP COMMENT '更新时间',
  PRIMARY KEY (`id`) USING BTREE,
  INDEX `idx_name`(`name` ASC) USING BTREE,
  INDEX `idx_status`(`status` ASC) USING BTREE
) ENGINE = InnoDB AUTO_INCREMENT = 8 CHARACTER SET = utf8mb4 COLLATE = utf8mb4_unicode_ci COMMENT = '票种表' ROW_FORMAT = Dynamic;

-- ----------------------------
-- Records of ticket_type
-- ----------------------------
INSERT INTO `ticket_type` VALUES (1, '成人票', '适用于年龄在18周岁至59周岁的普通游客，无特殊优惠条件。购票时无需额外证明，凭身份证或购票凭证入园。', 1, 1, '2025-10-07 15:52:35', '2025-10-07 15:52:35');
INSERT INTO `ticket_type` VALUES (2, '学生票', '适用于全日制在校学生（含小学、初中、高中、中专、大专、本科），凭本人有效学生证或电子学生证购票并入园。研究生及成人教育、自考、函授、网络教育等非全日制学生不享受学生票优惠。', 1, 1, '2025-10-07 15:52:35', '2025-10-07 15:52:35');
INSERT INTO `ticket_type` VALUES (3, '儿童票', '适用于身高在1.2米（含）至1.5米以下的儿童可购买半价儿童票；身高低于1.2米的儿童可免费入园，但须由监护人陪同并承担监护责任；身高1.5米及以上儿童按成人票标准购票。', 1, 1, '2025-10-07 15:52:35', '2025-10-07 15:52:35');
INSERT INTO `ticket_type` VALUES (4, '老年票', '适用于年满60周岁及以上的人群，凭本人有效身份证享受优惠。60至69周岁可购买半价票，70周岁及以上可免费入园。', 1, 1, '2025-10-07 15:52:35', '2025-10-07 15:52:35');
INSERT INTO `ticket_type` VALUES (5, '家庭套票', '适用于以家庭为单位的游客，允许最多2名成人1名儿童和一名老人同时入院。入园时若人数超过套票限制，需按照官网当前对外售价补票，套票不可拆分使用。', 1, 1, '2025-10-07 15:52:35', '2025-10-10 10:59:06');
INSERT INTO `ticket_type` VALUES (6, '本地人票', '适用于景区所在地区的常住居民或持本地身份证、户口本的游客，凭有效本地身份证件购票可享受专属优惠。入园时需核验身份证件原件，非本地证件无效需补回差价或按规则执行退票流程。', 1, 1, '2025-10-07 15:52:35', '2025-10-07 15:52:35');
INSERT INTO `ticket_type` VALUES (7, '本地家庭套票', '适用于以家庭为单位的游客，允许最多2名成人1名儿童和一名老人同时入院。入园时若人数超过套票限制，需按照官网当前对外售价补票，套票不可拆分使用。', 1, 1, '2025-10-10 10:59:02', '2025-10-10 10:59:04');

SET FOREIGN_KEY_CHECKS = 1;
